comercio,direccion,telefono,horario,descripcion,locales,comercio link,comerciourl,descuento,descuento2,categoria url,logo url,beneficio url,beneficio,beneficio url2
Déjate Besar,"Raúl Labbé 12.863, Lo Barnechea.",9553214,Lu-Sá: 20:00 a 01:00 hrs.  Do: 13:00 a 16:00 hrs.,"Solicite el descuento al momento de pagar con CMR Visa. Descuento no acumulable con otros descuentos, se excluye propinas, cigarrillos, menús, happy hours, despacho a domicilio y otras promociones u ofertas.",,Déjate Besar,www.dejatebesar.cl,,25%,http://www.cmrfalabella.com/b2cfapr/CMRCORP/logica/jsp/CMRCORPFFLogin.jsp?PAGINA=CMRrestaurantes&PAIS=CL,http://www.cmrfalabella.com/b2cfapr/CMRCORP/grafica/imgs/CL/res_lg_dejatebesar.jpg,http://www.cmrfalabella.com/b2cfapr/CMRCORP/logica/jsp/CMRCORPFFLogin.jsp?PAGINA=CMRr_pri_dejatebesar&PAIS=CL&CLASS=7_0,,
Infante 51,"José Manuel Infante 51, Providencia.",2366771,Lu-Ju: 13:00 a 15:30 y 20:00 a 23:30 hrs. Vi-Sá: 13:00 a 15:30 y 20 a 24 hrs.  Do: 13:00 a 15:30 hrs.,"Solicite el descuento al momento de pagar con CMR Visa. Descuento no acumulable con otros descuentos, se excluye propinas, cigarrillos, menús, happy hours, despacho a domicilio y otras promociones u ofertas.",,Infante 51,www.infante51.cl,Infante,25%,http://www.cmrfalabella.com/b2cfapr/CMRCORP/logica/jsp/CMRCORPFFLogin.jsp?PAGINA=CMRrestaurantes&PAIS=CL,http://www.cmrfalabella.com/b2cfapr/CMRCORP/grafica/imgs/CL/res_lg_infante51.jpg,http://www.cmrfalabella.com/b2cfapr/CMRCORP/logica/jsp/CMRCORPFFLogin.jsp?PAGINA=CMRr_pri_infante51&PAIS=CL&CLASS=7_0,,
Le Due Torri,"Isidora Goyenechea 2908, Las Condes.",2313427-2321509,Lu-Ju: 13:00 a 16:00 y 20:00 a 00:00 hrs.  Vi-Sá: 13:00 a 16:00 y 20:00 a 00:30 hrs.  Do: 13:00 a 16:30 y 20 a 00 hrs.,"Solicite el descuento al momento de pagar con CMR Visa. Descuento no acumulable con otros descuentos, se excluye propinas, cigarrillos, menús, happy hours, despacho a domicilio y otras promociones u ofertas.",Las Condes,Le Due Torri,,25%,,http://www.cmrfalabella.com/b2cfapr/CMRCORP/logica/jsp/CMRCORPFFLogin.jsp?PAGINA=CMRrestaurantes&PAIS=CL,http://www.cmrfalabella.com/b2cfapr/CMRCORP/grafica/imgs/CL/res_lg_duetorri.jpg,http://www.cmrfalabella.com/b2cfapr/CMRCORP/logica/jsp/CMRCORPFFLogin.jsp?PAGINA=CMRr_pri_lst_loc&PAIS=CL&CLASS=7_0,,http://www.cmrfalabella.com/b2cfapr/CMRCORP/logica/jsp/CMRCORPFFLogin.jsp?PAGINA=CMRr_pri_duetorri1&PAIS=CL&CLASS=7_0
Le Due Torri,"Monseñor Escrivá de Balaguer 6400, local 1A, Vitacura.",2478484-2478491,Lu-Ju: 13:00 a 16:00 y 20:00 a 00:00 hrs. Vi-Sá: 13:00 a 16:00 y 20:00 a 00:30 hrs. Do: 13:00 a 16:30 y 20:00 a 23:30 hrs.,"Solicite el descuento al momento de pagar con CMR Visa. Descuento no acumulable con otros descuentos, se excluye propinas, cigarrillos, menús, happy hours, despacho a domicilio y otras promociones u ofertas.",Vitacura,Le Due Torri,,25%,,http://www.cmrfalabella.com/b2cfapr/CMRCORP/logica/jsp/CMRCORPFFLogin.jsp?PAGINA=CMRrestaurantes&PAIS=CL,http://www.cmrfalabella.com/b2cfapr/CMRCORP/grafica/imgs/CL/res_lg_duetorri.jpg,http://www.cmrfalabella.com/b2cfapr/CMRCORP/logica/jsp/CMRCORPFFLogin.jsp?PAGINA=CMRr_pri_lst_loc&PAIS=CL&CLASS=7_0,,http://www.cmrfalabella.com/b2cfapr/CMRCORP/logica/jsp/CMRCORPFFLogin.jsp?PAGINA=CMRr_pri_duetorri2&PAIS=CL&CLASS=7_0
Le Due Torri,"San Antonio 258, Santiago.",6333799-6397609,,"Solicite el descuento al momento de pagar con CMR Visa. Descuento no acumulable con otros descuentos, se excluye propinas, cigarrillos, menús, happy hours, despacho a domicilio y otras promociones u ofertas.",Santiago,Le Due Torri,,25%,,http://www.cmrfalabella.com/b2cfapr/CMRCORP/logica/jsp/CMRCORPFFLogin.jsp?PAGINA=CMRrestaurantes&PAIS=CL,http://www.cmrfalabella.com/b2cfapr/CMRCORP/grafica/imgs/CL/res_lg_duetorri.jpg,http://www.cmrfalabella.com/b2cfapr/CMRCORP/logica/jsp/CMRCORPFFLogin.jsp?PAGINA=CMRr_pri_lst_loc&PAIS=CL&CLASS=7_0,,http://www.cmrfalabella.com/b2cfapr/CMRCORP/logica/jsp/CMRCORPFFLogin.jsp?PAGINA=CMRr_pri_duetorri3&PAIS=CL&CLASS=7_0
El Otro Sitio,"Monseñor Escrivá de Balaguer 6400, local 2. Vitacura.",2180105,Do-Ju: 12:30 a 00:00 hrs.  Vi-Sá: hasta 01:00 hrs.,"Solicite el descuento al momento de pagar con CMR Visa. Descuento no acumulable con otros descuentos, se excluye propinas, cigarrillos, menús, happy hours, despacho a domicilio y otras promociones u ofertas.",Vitacura,El Otro Sitio,www.elotrositio.cl,25%,,http://www.cmrfalabella.com/b2cfapr/CMRCORP/logica/jsp/CMRCORPFFLogin.jsp?PAGINA=CMRrestaurantes&PAIS=CL,http://www.cmrfalabella.com/b2cfapr/CMRCORP/grafica/imgs/CL/res_lg_otrositio.jpg,http://www.cmrfalabella.com/b2cfapr/CMRCORP/logica/jsp/CMRCORPFFLogin.jsp?PAGINA=CMRr_int_otrositio&PAIS=CL&CLASS=7_0,,http://www.cmrfalabella.com/b2cfapr/CMRCORP/logica/jsp/CMRCORPFFLogin.jsp?PAGINA=CMRr_int_os_vitacura&PAIS=CL&CLASS=7_0
El Otro Sitio,Avda Kennedy 5413 Local 368. Las Condes.,2205800,Do-Ju: 12:30 a 00:00 hrs. Vi-Sá: hasta las 01:00 Hrs.,"Solicite el descuento al momento de pagar con CMR Visa. Descuento no acumulable con otros descuentos, se excluye propinas, cigarrillos, menús, happy hours, despacho a domicilio y otras promociones u ofertas.",Las Condes,El Otro Sitio,www.elotrositio.cl,25%,,http://www.cmrfalabella.com/b2cfapr/CMRCORP/logica/jsp/CMRCORPFFLogin.jsp?PAGINA=CMRrestaurantes&PAIS=CL,http://www.cmrfalabella.com/b2cfapr/CMRCORP/grafica/imgs/CL/res_lg_otrositio.jpg,http://www.cmrfalabella.com/b2cfapr/CMRCORP/logica/jsp/CMRCORPFFLogin.jsp?PAGINA=CMRr_int_otrositio&PAIS=CL&CLASS=7_0,,http://www.cmrfalabella.com/b2cfapr/CMRCORP/logica/jsp/CMRCORPFFLogin.jsp?PAGINA=CMRr_int_os_lascondes1&PAIS=CL&CLASS=7_0
El Otro Sitio,"Avda. Kennedy 9001, Local 3260. Las Condes.",9543600,Do-Ju: 12:30 a 00:00 hrs. Vi-Sá: hasta las 01:00 hrs.,"Solicite el descuento al momento de pagar con CMR Visa. Descuento no acumulable con otros descuentos, se excluye propinas, cigarrillos, menús, happy hours, despacho a domicilio y otras promociones u ofertas.",Las Condes,El Otro Sitio,www.elotrositio.cl,25%,,http://www.cmrfalabella.com/b2cfapr/CMRCORP/logica/jsp/CMRCORPFFLogin.jsp?PAGINA=CMRrestaurantes&PAIS=CL,http://www.cmrfalabella.com/b2cfapr/CMRCORP/grafica/imgs/CL/res_lg_otrositio.jpg,http://www.cmrfalabella.com/b2cfapr/CMRCORP/logica/jsp/CMRCORPFFLogin.jsp?PAGINA=CMRr_int_otrositio&PAIS=CL&CLASS=7_0,,http://www.cmrfalabella.com/b2cfapr/CMRCORP/logica/jsp/CMRCORPFFLogin.jsp?PAGINA=CMRr_int_os_lascondes2&PAIS=CL&CLASS=7_0
El Otro Sitio,Antonia Lope de Bello 53. Providencia.,7773059 - 7779389,Do-Ju: 13:00 a 24:00 hrs.  Vi-Sá: 13.00 a 01.00 hrs.,"Solicite el descuento al momento de pagar con CMR Visa, Descuento no acumulable con otros descuentos y promociones. Convenio válido hasta el 30/06/2012.",Providencia,El Otro Sitio,www.elotrositio.cl,25%,,http://www.cmrfalabella.com/b2cfapr/CMRCORP/logica/jsp/CMRCORPFFLogin.jsp?PAGINA=CMRrestaurantes&PAIS=CL,http://www.cmrfalabella.com/b2cfapr/CMRCORP/grafica/imgs/CL/res_lg_otrositio.jpg,http://www.cmrfalabella.com/b2cfapr/CMRCORP/logica/jsp/CMRCORPFFLogin.jsp?PAGINA=CMRr_int_otrositio&PAIS=CL&CLASS=7_0,,http://www.cmrfalabella.com/b2cfapr/CMRCORP/logica/jsp/CMRCORPFFLogin.jsp?PAGINA=CMRr_int_os_provi&PAIS=CL&CLASS=7_0
Etniko,"Constitución 172, Providencia.",7320119,Lu-Ma: 20:00 a 24:00 hrs. Mie-Ju: 20:00 a 01:00 hrs.  Vi-Sá: 20:00 a 02:00 hrs.,"Solicite el descuento al momento de pagar con CMR Visa. Descuento no acumulable con otros descuentos, se excluye propinas, cigarrillos, menús, happy hours, despacho a domicilio y otras promociones u ofertas.",,Etniko,www.etniko.cl,,25%,http://www.cmrfalabella.com/b2cfapr/CMRCORP/logica/jsp/CMRCORPFFLogin.jsp?PAGINA=CMRrestaurantes&PAIS=CL,http://www.cmrfalabella.com/b2cfapr/CMRCORP/grafica/imgs/CL/res_lg_etniko.jpg,http://www.cmrfalabella.com/b2cfapr/CMRCORP/logica/jsp/CMRCORPFFLogin.jsp?PAGINA=CMRr_pri_etniko&PAIS=CL&CLASS=7_0,,
La Tabla,"Jose Maria Escrivá de Balaguer 6400 local 5, Vitacura.",218 01 15,,"Solicite el descuento al momento de pagar con CMR Visa. Descuento no acumulable con otros descuentos, se excluye propinas, cigarrillos, menús, happy hours, despacho a domicilio y otras promociones u ofertas.",,La Tabla,www.latablarestaurant.cl,La,25%,http://www.cmrfalabella.com/b2cfapr/CMRCORP/logica/jsp/CMRCORPFFLogin.jsp?PAGINA=CMRrestaurantes&PAIS=CL,http://www.cmrfalabella.com/b2cfapr/CMRCORP/grafica/imgs/CL/res_lg_tabla.jpg,http://www.cmrfalabella.com/b2cfapr/CMRCORP/logica/jsp/CMRCORPFFLogin.jsp?PAGINA=CMRr_pri_latabla&PAIS=CL&CLASS=7_0,,
Emilio,"Jose Maria Escrivá de Balaguer 5970, Vitacura.",2183773- 2183286 - 9536949 - 9536950,,"Solicite el descuento al momento de pagar con CMR Visa. Descuento no acumulable con otros descuentos, se excluye propinas, cigarrillos, menús, happy hours, despacho a domicilio y otras promociones u ofertas.",,Emilio,www.restaurantemilio.cl,25%,,http://www.cmrfalabella.com/b2cfapr/CMRCORP/logica/jsp/CMRCORPFFLogin.jsp?PAGINA=CMRrestaurantes&PAIS=CL,http://www.cmrfalabella.com/b2cfapr/CMRCORP/grafica/imgs/CL/res_lg_emilio.jpg,http://www.cmrfalabella.com/b2cfapr/CMRCORP/logica/jsp/CMRCORPFFLogin.jsp?PAGINA=CMRr_pri_emilio&PAIS=CL&CLASS=7_0,,
Squadritto Ristorante,"Rosal 332 - Barrio Lastarria, Santiago.",6322121,Lu - Sá: 12:30 a 16.00 y 19:00 a 23:30 hrs. Do: 12:30 a 17:00 hrs,"Solicite el descuento al momento de pagar con CMR Visa. Descuento no acumulable con otros descuentos, se excluye propinas, cigarrillos, menús, happy hours, despacho a domicilio y otras promociones u ofertas.",,Squadritto Ristorante,www.squadrittoristorante.cl,25%,,http://www.cmrfalabella.com/b2cfapr/CMRCORP/logica/jsp/CMRCORPFFLogin.jsp?PAGINA=CMRrestaurantes&PAIS=CL,http://www.cmrfalabella.com/b2cfapr/CMRCORP/grafica/imgs/CL/res_lg_squadritto.jpg,http://www.cmrfalabella.com/b2cfapr/CMRCORP/logica/jsp/CMRCORPFFLogin.jsp?PAGINA=CMRr_pri_squadritto&PAIS=CL&CLASS=7_0,,
Majestic,"Avenida Kennedy 9001 Local 3236, Las Condes.",2131422,Do - Ju: 12:30 a 16:00 hrs y de 19:30 a 23:00 hrs. Vi - Sá: 12:30 a 16:00 hrs. y de 19:30 a 24:00,"Solicite el descuento al momento de pagar con CMR Visa. Descuento no acumulable con otros descuentos, se excluye propinas, cigarrillos, menús, happy hours, despacho a domicilio y otras promociones u ofertas.",Las Condes,Majestic,www.majestic.cl,25%,,http://www.cmrfalabella.com/b2cfapr/CMRCORP/logica/jsp/CMRCORPFFLogin.jsp?PAGINA=CMRrestaurantes&PAIS=CL,http://www.cmrfalabella.com/b2cfapr/CMRCORP/grafica/imgs/CL/res_lg_majestic.jpg,http://www.cmrfalabella.com/b2cfapr/CMRCORP/logica/jsp/CMRCORPFFLogin.jsp?PAGINA=CMRr_pri_majestic_loc&PAIS=CL&CLASS=7_0,,http://www.cmrfalabella.com/b2cfapr/CMRCORP/logica/jsp/CMRCORPFFLogin.jsp?PAGINA=CMRr_pri_majestic1&PAIS=CL&CLASS=7_0
Majestic,"Santo Domingo 1526, Santiago Centro.",6958366,Do - Ju: 12:30 a 16:00 hrs y de 19:30 a 23:00 hrs. Vi - Sá: 12:30 a 16:00 hrs. y de 19:30 a 24:00,"Solicite el descuento al momento de pagar con CMR Visa. Descuento no acumulable con otros descuentos, se excluye propinas, cigarrillos, menús, happy hours, despacho a domicilio y otras promociones u ofertas.",Santiago,Majestic,www.majestic.cl,25%,,http://www.cmrfalabella.com/b2cfapr/CMRCORP/logica/jsp/CMRCORPFFLogin.jsp?PAGINA=CMRrestaurantes&PAIS=CL,http://www.cmrfalabella.com/b2cfapr/CMRCORP/grafica/imgs/CL/res_lg_majestic.jpg,http://www.cmrfalabella.com/b2cfapr/CMRCORP/logica/jsp/CMRCORPFFLogin.jsp?PAGINA=CMRr_pri_majestic_loc&PAIS=CL&CLASS=7_0,,http://www.cmrfalabella.com/b2cfapr/CMRCORP/logica/jsp/CMRCORPFFLogin.jsp?PAGINA=CMRr_pri_majestic2&PAIS=CL&CLASS=7_0
Casa Mar,"Av. Padre Hurtado 1480, Vitacura.",9542112,Lu-Sá: 13 a 16 y 19:30 a 24 hrs. Do 13:00 a 15:30 hrs.,"Solicite el descuento al momento de pagar con CMR Visa. Descuento no acumulable con otros descuentos, se excluye propinas, cigarrillos, menús, happy hours, despacho a domicilio y otras promociones u ofertas.",,Casa Mar,www.restaurantcasamar.cl,,25%,http://www.cmrfalabella.com/b2cfapr/CMRCORP/logica/jsp/CMRCORPFFLogin.jsp?PAGINA=CMRrestaurantes&PAIS=CL,http://www.cmrfalabella.com/b2cfapr/CMRCORP/grafica/imgs/CL/res_lg_casa_mar.jpg,http://www.cmrfalabella.com/b2cfapr/CMRCORP/logica/jsp/CMRCORPFFLogin.jsp?PAGINA=CMRr_pri_casamar&PAIS=CL&CLASS=7_0,,
Caprese,"Av. Kennedy 9001, local 3229, Las Condes.",02-9541335,Do-Ju: 12:30 a 23:30 hrs. Vi-Sá: 12:30 a 00:30 hrs.,"Solicite el descuento al momento de pagar con CMR Visa. Descuento no acumulable con otros descuentos, se excluye propinas, cigarrillos, menús, happy hours, despacho a domicilio y otras promociones u ofertas.",,Caprese,,20%,,http://www.cmrfalabella.com/b2cfapr/CMRCORP/logica/jsp/CMRCORPFFLogin.jsp?PAGINA=CMRrestaurantes&PAIS=CL,http://www.cmrfalabella.com/b2cfapr/CMRCORP/grafica/imgs/CL/res_lg_caprese.jpg,http://www.cmrfalabella.com/b2cfapr/CMRCORP/logica/jsp/CMRCORPFFLogin.jsp?PAGINA=CMRr_int_caprese&PAIS=CL&CLASS=7_0,,
La Calma de Rita,"Camino Santa Rita 2672, Pirque.",8556704,,"Solicite el descuento al momento de pagar con CMR Visa. Descuento no acumulable con otros descuentos, se excluye propinas, cigarrillos, menús, happy hours, despacho a domicilio y otras promociones u ofertas.",,La Calma de Rita,,20%,,http://www.cmrfalabella.com/b2cfapr/CMRCORP/logica/jsp/CMRCORPFFLogin.jsp?PAGINA=CMRrestaurantes&PAIS=CL,http://www.cmrfalabella.com/b2cfapr/CMRCORP/grafica/imgs/CL/res_lg_calmarita.jpg,http://www.cmrfalabella.com/b2cfapr/CMRCORP/logica/jsp/CMRCORPFFLogin.jsp?PAGINA=CMRr_nac_calmarita&PAIS=CL&CLASS=7_0,,
La Querencia,"Av. Las Condes 14.980, Las Condes.",3215962,Lu-Ju y Do: 13:00 a 01:30 hrs.  Vi-Sa: 13:00 a 03:30 hrs.,"Solicite el descuento al momento de pagar con CMR Visa. Descuento no acumulable con otros descuentos, se excluye propinas, cigarrillos, menús, happy hours, despacho a domicilio y otras promociones u ofertas.",,La Querencia,www.laquerencia.cl,20%,,http://www.cmrfalabella.com/b2cfapr/CMRCORP/logica/jsp/CMRCORPFFLogin.jsp?PAGINA=CMRrestaurantes&PAIS=CL,http://www.cmrfalabella.com/b2cfapr/CMRCORP/grafica/imgs/CL/res_lg_querencia.gif,http://www.cmrfalabella.com/b2cfapr/CMRCORP/logica/jsp/CMRCORPFFLogin.jsp?PAGINA=CMRr_car_querencia&PAIS=CL&CLASS=7_0,,
Mi Tribu,"Tobalaba 12,175, Peñalolen",02-7581233,Ma - Sa 13:00 a 24:30 hrs. Lu y Do 13:00 a 16:00 hrs.,"Solicite el descuento al momento de pagar con CMR Visa. Descuento no acumulable con otros descuentos, se excluye propinas, cigarrillos, menús, happy hours, despacho a domicilio y otras promociones u ofertas.",,Mi Tribu,www.mitribu.cl,Trattoría,20%,http://www.cmrfalabella.com/b2cfapr/CMRCORP/logica/jsp/CMRCORPFFLogin.jsp?PAGINA=CMRrestaurantes&PAIS=CL,http://www.cmrfalabella.com/b2cfapr/CMRCORP/grafica/imgs/CL/res_lg_mitribu.jpg,http://www.cmrfalabella.com/b2cfapr/CMRCORP/logica/jsp/CMRCORPFFLogin.jsp?PAGINA=CMRr_pas_mitribu&PAIS=CL&CLASS=7_0,,
Pizzaiolo,"Walker Martínez 551, Puerto Varas.",65-282813,Lu-Do: 13:00 a 24:00 hrs.,"Solicite el descuento al momento de pagar con CMR Visa. Descuento no acumulable con otros descuentos, se excluye propinas, cigarrillos, menús, happy hours, despacho a domicilio y otras promociones u ofertas.",,Pizzaiolo,,,20%,http://www.cmrfalabella.com/b2cfapr/CMRCORP/logica/jsp/CMRCORPFFLogin.jsp?PAGINA=CMRrestaurantes&PAIS=CL,http://www.cmrfalabella.com/b2cfapr/CMRCORP/grafica/imgs/CL/res_lg_pizzaiolo.jpg,http://www.cmrfalabella.com/b2cfapr/CMRCORP/logica/jsp/CMRCORPFFLogin.jsp?PAGINA=CMRr_pas_pizzaiolo&PAIS=CL&CLASS=7_0,,
Paladares,"Av. Italia 1034, Providencia.",2251985,Lu-Vi: 12:30 a 15:45 Y 20:00 a 23:30 hrs. Sa: 20 a 23:30 hrs.,"Solicite el descuento al momento de pagar con CMR Visa. Descuento no acumulable con otros descuentos, se excluye propinas, cigarrillos, menús, happy hours, despacho a domicilio y otras promociones u ofertas.",,Paladares,www.restaurantpaladares.cl,20%,,http://www.cmrfalabella.com/b2cfapr/CMRCORP/logica/jsp/CMRCORPFFLogin.jsp?PAGINA=CMRrestaurantes&PAIS=CL,http://www.cmrfalabella.com/b2cfapr/CMRCORP/grafica/imgs/CL/res_lg_paladares.jpg,http://www.cmrfalabella.com/b2cfapr/CMRCORP/logica/jsp/CMRCORPFFLogin.jsp?PAGINA=CMRr_int_paladares&PAIS=CL&CLASS=7_0,,
Damaris,"General Holley 2315, Providencia",3340414 - 3341372,Ma - Sá 13:00 a 03:00 hrs.,"Solicite el descuento al momento de pagar con CMR Visa. Descuento no acumulable con otros descuentos, se excluye propinas, cigarrillos, menús, happy hours, despacho a domicilio y otras promociones u ofertas.",,Damaris,www.damarisrestaurant.cl,20%,,http://www.cmrfalabella.com/b2cfapr/CMRCORP/logica/jsp/CMRCORPFFLogin.jsp?PAGINA=CMRrestaurantes&PAIS=CL,http://www.cmrfalabella.com/b2cfapr/CMRCORP/grafica/imgs/CL/res_lg_damaris.jpg,http://www.cmrfalabella.com/b2cfapr/CMRCORP/logica/jsp/CMRCORPFFLogin.jsp?PAGINA=CMRr_int_damaris&PAIS=CL&CLASS=7_0,,
Las Carnes de Bellavista,"Mallinkrodt 184, Providencia",7321946,,"Solicite el descuento al momento de pagar con CMR Visa. Descuento no acumulable con otros descuentos, se excluye propinas, cigarrillos, menús, happy hours, despacho a domicilio y otras promociones u ofertas.",,Las Carnes de Bellavista,,,20%,http://www.cmrfalabella.com/b2cfapr/CMRCORP/logica/jsp/CMRCORPFFLogin.jsp?PAGINA=CMRrestaurantes&PAIS=CL,http://www.cmrfalabella.com/b2cfapr/CMRCORP/grafica/imgs/CL/res_lg_cbellavista.jpg,http://www.cmrfalabella.com/b2cfapr/CMRCORP/logica/jsp/CMRCORPFFLogin.jsp?PAGINA=CMRr_car_bellavista&PAIS=CL&CLASS=7_0,,
El Apero,"Monseñor Escrivá de Balaguer 6400 local 3, Vitacura.",218 01 10,,"Solicite el descuento al momento de pagar con CMR Visa. Descuento no acumulable con otros descuentos, se excluye propinas, cigarrillos, menús, happy hours, despacho a domicilio y otras promociones u ofertas.",,El Apero,,20%,,http://www.cmrfalabella.com/b2cfapr/CMRCORP/logica/jsp/CMRCORPFFLogin.jsp?PAGINA=CMRrestaurantes&PAIS=CL,http://www.cmrfalabella.com/b2cfapr/CMRCORP/grafica/imgs/CL/res_lg_el_apero.jpg,http://www.cmrfalabella.com/b2cfapr/CMRCORP/logica/jsp/CMRCORPFFLogin.jsp?PAGINA=CMRr_nac_elapero&PAIS=CL&CLASS=7_0,,
Mesón Austral,"Constitución 270, Providencia",02-7772540,Lu - Do: 13:00 a 16:00 hrs. Ma - Sá: 20:00 a 23.30 hrs.,"Solicite el descuento al momento de pagar con CMR Visa. Descuento no acumulable con otros descuentos, se excluye propinas, cigarrillos, menús, happy hours, despacho a domicilio y otras promociones u ofertas.",,Mesón Austral,,,20%,http://www.cmrfalabella.com/b2cfapr/CMRCORP/logica/jsp/CMRCORPFFLogin.jsp?PAGINA=CMRrestaurantes&PAIS=CL,http://www.cmrfalabella.com/b2cfapr/CMRCORP/grafica/imgs/CL/res_lg_meson.jpg,http://www.cmrfalabella.com/b2cfapr/CMRCORP/logica/jsp/CMRCORPFFLogin.jsp?PAGINA=CMRr_pes_meson&PAIS=CL&CLASS=7_0,,
El Rincón del Botero,"General Holley 2368, Providencia.",3358580,Lu - Ma - Do: 12:00 a 18:00 hrs. Mi - Ju: 12:00 a 02:00 hrs. Vi - Sa: 12:00 a 03:30 hrs.,"Solicite el descuento al momento de pagar con CMR Visa. Descuento no acumulable con otros descuentos, se excluye propinas, cigarrillos, menús, happy hours, despacho a domicilio y otras promociones u ofertas. Máximo 8 personas por mesa con previa reserva.",,El Rincón de Botero,www.elrincondebotero.cl,20%,,http://www.cmrfalabella.com/b2cfapr/CMRCORP/logica/jsp/CMRCORPFFLogin.jsp?PAGINA=CMRrestaurantes&PAIS=CL,http://www.cmrfalabella.com/b2cfapr/CMRCORP/grafica/imgs/CL/res_lg_botero.jpg,http://www.cmrfalabella.com/b2cfapr/CMRCORP/logica/jsp/CMRCORPFFLogin.jsp?PAGINA=CMRr_int_botero&PAIS=CL&CLASS=7_0,,
Los Sabores del Inca,"Ernesto Pinto Lagarrige 251, Recoleta",7773505,Do - Ju: horario continuado hasta 00:00 hrs.  Vi-Sá: hasta las 01:00 am.hrs.,"Solicite el descuento al momento de pagar con CMR Visa. Descuento no acumulable con otros descuentos, se excluye propinas, cigarrillos, menús, happy hours, despacho a domicilio y otras promociones u ofertas.",,Los Sabores del Inca,www.lossaboresdelinca.cl,25%,,http://www.cmrfalabella.com/b2cfapr/CMRCORP/logica/jsp/CMRCORPFFLogin.jsp?PAGINA=CMRrestaurantes&PAIS=CL,http://www.cmrfalabella.com/b2cfapr/CMRCORP/grafica/imgs/CL/res_lg_sabores_del_inca.jpg,http://www.cmrfalabella.com/b2cfapr/CMRCORP/logica/jsp/CMRCORPFFLogin.jsp?PAGINA=CMRr_int_saboresinca&PAIS=CL&CLASS=7_0,,
Bariloche,"Terrazas Mall Plaza Oeste, Cerrillos.",3659266,,"Solicite el descuento al momento de pagar con CMR Visa. Descuento no acumulable con otros descuentos, se excluye propinas, cigarrillos, menús, happy hours, despacho a domicilio y otras promociones u ofertas.",Cerrillos,Bariloche,www.churrasqueriabariloche.cl,25%,,http://www.cmrfalabella.com/b2cfapr/CMRCORP/logica/jsp/CMRCORPFFLogin.jsp?PAGINA=CMRrestaurantes&PAIS=CL,http://www.cmrfalabella.com/b2cfapr/CMRCORP/grafica/imgs/CL/res_lg_carne_bariloche.jpg,http://www.cmrfalabella.com/b2cfapr/CMRCORP/logica/jsp/CMRCORPFFLogin.jsp?PAGINA=CMRr_car_lista_locales&PAIS=CL&CLASS=7_0,,http://www.cmrfalabella.com/b2cfapr/CMRCORP/logica/jsp/CMRCORPFFLogin.jsp?PAGINA=CMRr_car_bari_cerri&PAIS=CL&CLASS=7_0
Bariloche,"Mall Plaza Alameda, Estación Central.",8987856,,"Solicite el descuento al momento de pagar con CMR Visa. Descuento no acumulable con otros descuentos, se excluye propinas, cigarrillos, menús, happy hours, despacho a domicilio y otras promociones u ofertas.",Estación Central,Bariloche,www.churrasqueriabariloche.cl,25%,,http://www.cmrfalabella.com/b2cfapr/CMRCORP/logica/jsp/CMRCORPFFLogin.jsp?PAGINA=CMRrestaurantes&PAIS=CL,http://www.cmrfalabella.com/b2cfapr/CMRCORP/grafica/imgs/CL/res_lg_carne_bariloche.jpg,http://www.cmrfalabella.com/b2cfapr/CMRCORP/logica/jsp/CMRCORPFFLogin.jsp?PAGINA=CMRr_car_lista_locales&PAIS=CL&CLASS=7_0,,http://www.cmrfalabella.com/b2cfapr/CMRCORP/logica/jsp/CMRCORPFFLogin.jsp?PAGINA=CMRr_car_bari_alameda&PAIS=CL&CLASS=7_0
Bariloche,"Nueva Tajamar 265, Las Condes.",3609185,Lu-Vi: 9:00 a 23:00 hrs.  Sá: 9:00 a 17:00 hrs.,"Solicite el descuento al momento de pagar con CMR Visa. Descuento no acumulable con otros descuentos, se excluye propinas, cigarrillos, menús, happy hours, despacho a domicilio y otras promociones u ofertas.",Las Condes,Bariloche,www.churrasqueriabariloche.cl,25%,,http://www.cmrfalabella.com/b2cfapr/CMRCORP/logica/jsp/CMRCORPFFLogin.jsp?PAGINA=CMRrestaurantes&PAIS=CL,http://www.cmrfalabella.com/b2cfapr/CMRCORP/grafica/imgs/CL/res_lg_carne_bariloche.jpg,http://www.cmrfalabella.com/b2cfapr/CMRCORP/logica/jsp/CMRCORPFFLogin.jsp?PAGINA=CMRr_car_lista_locales&PAIS=CL&CLASS=7_0,,http://www.cmrfalabella.com/b2cfapr/CMRCORP/logica/jsp/CMRCORPFFLogin.jsp?PAGINA=CMRr_car_bari_lascond&PAIS=CL&CLASS=7_0
Bariloche,"Av. Isidora Goyenechea 2890, Las Condes.",3661190,Lu-Vi: 9.00 a 23:00 hrs.  Sá: 9:00 a 17:00 hrs.,"Solicite el descuento al momento de pagar con CMR Visa. Descuento no acumulable con otros descuentos, se excluye propinas, cigarrillos, menús, happy hours, despacho a domicilio y otras promociones u ofertas.",Las Condes,Bariloche,www.churrasqueriabariloche.cl,25%,,http://www.cmrfalabella.com/b2cfapr/CMRCORP/logica/jsp/CMRCORPFFLogin.jsp?PAGINA=CMRrestaurantes&PAIS=CL,http://www.cmrfalabella.com/b2cfapr/CMRCORP/grafica/imgs/CL/res_lg_carne_bariloche.jpg,http://www.cmrfalabella.com/b2cfapr/CMRCORP/logica/jsp/CMRCORPFFLogin.jsp?PAGINA=CMRr_car_lista_locales&PAIS=CL&CLASS=7_0,,http://www.cmrfalabella.com/b2cfapr/CMRCORP/logica/jsp/CMRCORPFFLogin.jsp?PAGINA=CMRr_car_bari_lascond2&PAIS=CL&CLASS=7_0
Bariloche,"Mall Plaza Vespucio, La Florida.",3659266,,"Solicite el descuento al momento de pagar con CMR Visa. Descuento no acumulable con otros descuentos, se excluye propinas, cigarrillos, menús, happy hours, despacho a domicilio y otras promociones u ofertas.",La Florida,Bariloche,www.churrasqueriabariloche.cl,25%,,http://www.cmrfalabella.com/b2cfapr/CMRCORP/logica/jsp/CMRCORPFFLogin.jsp?PAGINA=CMRrestaurantes&PAIS=CL,http://www.cmrfalabella.com/b2cfapr/CMRCORP/grafica/imgs/CL/res_lg_carne_bariloche.jpg,http://www.cmrfalabella.com/b2cfapr/CMRCORP/logica/jsp/CMRCORPFFLogin.jsp?PAGINA=CMRr_car_lista_locales&PAIS=CL&CLASS=7_0,,http://www.cmrfalabella.com/b2cfapr/CMRCORP/logica/jsp/CMRCORPFFLogin.jsp?PAGINA=CMRr_car_bari_florida&PAIS=CL&CLASS=7_0
Bariloche,"Boulevard Mall Arauco Maipú, Américo Vespucio 399 Maipú.",3640253,,"Solicite el descuento al momento de pagar con CMR Visa. Descuento no acumulable con otros descuentos, se excluye propinas, cigarrillos, menús, happy hours, despacho a domicilio y otras promociones u ofertas.",Maipú,Bariloche,www.churrasqueriabariloche.cl,25%,,http://www.cmrfalabella.com/b2cfapr/CMRCORP/logica/jsp/CMRCORPFFLogin.jsp?PAGINA=CMRrestaurantes&PAIS=CL,http://www.cmrfalabella.com/b2cfapr/CMRCORP/grafica/imgs/CL/res_lg_carne_bariloche.jpg,http://www.cmrfalabella.com/b2cfapr/CMRCORP/logica/jsp/CMRCORPFFLogin.jsp?PAGINA=CMRr_car_lista_locales&PAIS=CL&CLASS=7_0,,http://www.cmrfalabella.com/b2cfapr/CMRCORP/logica/jsp/CMRCORPFFLogin.jsp?PAGINA=CMRr_car_bari_maipu&PAIS=CL&CLASS=7_0
Bariloche,"Mall Plaza Sur, San Bernardo.",3659217,,"Solicite el descuento al momento de pagar con CMR Visa. Descuento no acumulable con otros descuentos, se excluye propinas, cigarrillos, menús, happy hours, despacho a domicilio y otras promociones u ofertas.",San Bernardo,Bariloche,www.churrasqueriabariloche.cl,25%,,http://www.cmrfalabella.com/b2cfapr/CMRCORP/logica/jsp/CMRCORPFFLogin.jsp?PAGINA=CMRrestaurantes&PAIS=CL,http://www.cmrfalabella.com/b2cfapr/CMRCORP/grafica/imgs/CL/res_lg_carne_bariloche.jpg,http://www.cmrfalabella.com/b2cfapr/CMRCORP/logica/jsp/CMRCORPFFLogin.jsp?PAGINA=CMRr_car_lista_locales&PAIS=CL&CLASS=7_0,,http://www.cmrfalabella.com/b2cfapr/CMRCORP/logica/jsp/CMRCORPFFLogin.jsp?PAGINA=CMRr_car_bari_sbrdo&PAIS=CL&CLASS=7_0
Aki Sushi,"Avenida Manquehue Sur 1150, Las Condes",9525440,,"Solicite el descuento al momento de pagar con CMR Visa. Descuento no acumulable con otros descuentos, se excluye propinas, cigarrillos, menús, happy hours, despacho a domicilio y otras promociones u ofertas.",,Aki Sushi,www.akisushi.cl,Aquí,30%,http://www.cmrfalabella.com/b2cfapr/CMRCORP/logica/jsp/CMRCORPFFLogin.jsp?PAGINA=CMRrestaurantes&PAIS=CL,http://www.cmrfalabella.com/b2cfapr/CMRCORP/grafica/imgs/CL/res_lg_aki_sushi.jpg,http://www.cmrfalabella.com/b2cfapr/CMRCORP/logica/jsp/CMRCORPFFLogin.jsp?PAGINA=CMRr_ori_akisushi&PAIS=CL&CLASS=7_0,,
Alfresco,"Av. Las Condes 7542, Las Condes.",2118054,Lu-Sá: 13:00 a 16:00 y 20:00 a 24:00 hrs.  Do: 13:00 a 17:00 hrs.,"Solicite el descuento al momento de pagar con CMR Visa. Descuento no acumulable con otros descuentos, se excluye propinas, cigarrillos, menús, happy hours, despacho a domicilio y otras promociones u ofertas.",,Alfresco,,20%,,http://www.cmrfalabella.com/b2cfapr/CMRCORP/logica/jsp/CMRCORPFFLogin.jsp?PAGINA=CMRrestaurantes&PAIS=CL,http://www.cmrfalabella.com/b2cfapr/CMRCORP/grafica/imgs/CL/res_lg_alfresco.jpg,http://www.cmrfalabella.com/b2cfapr/CMRCORP/logica/jsp/CMRCORPFFLogin.jsp?PAGINA=CMRr_int_alfr_lcond&PAIS=CL&CLASS=7_0,,
Peruanisimo Alfresco,"Loreto 509, Recoleta.",737 93 40,,"Solicite el descuento al momento de pagar con CMR Visa. Descuento no acumulable con otros descuentos, se excluye propinas, cigarrillos, menús, happy hours, despacho a domicilio y otras promociones u ofertas.",,Peruanisimo Alfresco,,20%,,http://www.cmrfalabella.com/b2cfapr/CMRCORP/logica/jsp/CMRCORPFFLogin.jsp?PAGINA=CMRrestaurantes&PAIS=CL,http://www.cmrfalabella.com/b2cfapr/CMRCORP/grafica/imgs/CL/res_lg_peruanisimo.jpg,http://www.cmrfalabella.com/b2cfapr/CMRCORP/logica/jsp/CMRCORPFFLogin.jsp?PAGINA=CMRr_int_alfr_reco&PAIS=CL&CLASS=7_0,,
Coco Loco,"El Bosque Norte 0215, Las Condes.",2313082,,"Solicite el descuento al momento de pagar con CMR Visa. Descuento no acumulable con otros descuentos, se excluye propinas, cigarrillos, menús, happy hours, despacho a domicilio y otras promociones u ofertas.",,Coco Loco,,,20%,http://www.cmrfalabella.com/b2cfapr/CMRCORP/logica/jsp/CMRCORPFFLogin.jsp?PAGINA=CMRrestaurantes&PAIS=CL,http://www.cmrfalabella.com/b2cfapr/CMRCORP/grafica/imgs/CL/res_lg_coco_loco.jpg,http://www.cmrfalabella.com/b2cfapr/CMRCORP/logica/jsp/CMRCORPFFLogin.jsp?PAGINA=CMRr_pes_cocoloco&PAIS=CL&CLASS=7_0,,
Finitezza,"Vitacura 5255, Local 7 y 8, Vitacura.",2181353,,"Solicite el descuento al momento de pagar con CMR Visa. Descuento no acumulable con otros descuentos, se excluye propinas, cigarrillos, menús, happy hours, despacho a domicilio y otras promociones u ofertas.",,Finitezza,,20%,,http://www.cmrfalabella.com/b2cfapr/CMRCORP/logica/jsp/CMRCORPFFLogin.jsp?PAGINA=CMRrestaurantes&PAIS=CL,http://www.cmrfalabella.com/b2cfapr/CMRCORP/grafica/imgs/CL/res_lg_finitezza.jpg,http://www.cmrfalabella.com/b2cfapr/CMRCORP/logica/jsp/CMRCORPFFLogin.jsp?PAGINA=CMRr_pas_finitezza&PAIS=CL&CLASS=7_0,,
Las Delicias Del Inca,"Avda. Condell 868, Providencia.",6356356,,"Solicite el descuento al momento de pagar con CMR Visa. Descuento no acumulable con otros descuentos, se excluye propinas, cigarrillos, menús, happy hours, despacho a domicilio y otras promociones u ofertas.",,Las Delicias del Inca,,,20%,http://www.cmrfalabella.com/b2cfapr/CMRCORP/logica/jsp/CMRCORPFFLogin.jsp?PAGINA=CMRrestaurantes&PAIS=CL,http://www.cmrfalabella.com/b2cfapr/CMRCORP/grafica/imgs/CL/res_lg_delicias.jpg,http://www.cmrfalabella.com/b2cfapr/CMRCORP/logica/jsp/CMRCORPFFLogin.jsp?PAGINA=CMRr_int_delicias&PAIS=CL&CLASS=7_0,,
Madera y Carbón,"Av. Las Condes 7789, Las Condes.",2017114,Lu-Ju: 12:30 a 23:00 hrs. Vi-Sá: 12:30 a 24:00 hrs. Do: 12:30 a 18:30 hrs.,"Solicite el descuento al momento de pagar con CMR Visa. Descuento no acumulable con otros descuentos, se excluye propinas, cigarrillos, menús, happy hours, despacho a domicilio y otras promociones u ofertas.",,Madera y Carbón,www.maderaycarbonlascondes.cl,Madera,20%,http://www.cmrfalabella.com/b2cfapr/CMRCORP/logica/jsp/CMRCORPFFLogin.jsp?PAGINA=CMRrestaurantes&PAIS=CL,http://www.cmrfalabella.com/b2cfapr/CMRCORP/grafica/imgs/CL/res_lg_madera.jpg,http://www.cmrfalabella.com/b2cfapr/CMRCORP/logica/jsp/CMRCORPFFLogin.jsp?PAGINA=CMRr_int_madera&PAIS=CL&CLASS=7_0,,
Misaki,"Av. Vitacura 5461, Vitacura",2190370,,"Solicite el descuento al momento de pagar con CMR Visa. Descuento no acumulable con otros descuentos, se excluye propinas, cigarrillos, menús, happy hours, despacho a domicilio y otras promociones u ofertas.",,Misaki,www.misaki.cl,,20%,http://www.cmrfalabella.com/b2cfapr/CMRCORP/logica/jsp/CMRCORPFFLogin.jsp?PAGINA=CMRrestaurantes&PAIS=CL,http://www.cmrfalabella.com/b2cfapr/CMRCORP/grafica/imgs/CL/res_lg_misaki.jpg,http://www.cmrfalabella.com/b2cfapr/CMRCORP/logica/jsp/CMRCORPFFLogin.jsp?PAGINA=CMRr_ori_misaki&PAIS=CL&CLASS=7_0,,
Da Alessandro - Ristorante,"Rengifo Nº 815, Puerto Montt.",65-282813,Lu-Do: 13:00 a 24:00 hrs.,"Solicite el descuento al momento de pagar con CMR Visa. Descuento no acumulable con otros descuentos, se excluye propinas, cigarrillos, menús, happy hours, despacho a domicilio y otras promociones u ofertas.",,Da Alessandro,,Da,20%,http://www.cmrfalabella.com/b2cfapr/CMRCORP/logica/jsp/CMRCORPFFLogin.jsp?PAGINA=CMRrestaurantes&PAIS=CL,http://www.cmrfalabella.com/b2cfapr/CMRCORP/grafica/imgs/CL/res_lg_alessandro.jpg,http://www.cmrfalabella.com/b2cfapr/CMRCORP/logica/jsp/CMRCORPFFLogin.jsp?PAGINA=CMRr_pas_alessandro&PAIS=CL&CLASS=7_0,,
El Gusto Peruano,"Tegualda 1746, Ñuñoa.",225 36 86,,"Solicite el descuento al momento de pagar con CMR Visa. Descuento no acumulable con otros descuentos, se excluye propinas, cigarrillos, menús, happy hours, despacho a domicilio y otras promociones u ofertas.",,El Gusto Peruano,www.restaurantgustoperuano.cl,20%,,http://www.cmrfalabella.com/b2cfapr/CMRCORP/logica/jsp/CMRCORPFFLogin.jsp?PAGINA=CMRrestaurantes&PAIS=CL,http://www.cmrfalabella.com/b2cfapr/CMRCORP/grafica/imgs/CL/res_lg_gustoperu.jpg,http://www.cmrfalabella.com/b2cfapr/CMRCORP/logica/jsp/CMRCORPFFLogin.jsp?PAGINA=CMRr_int_gusperu&PAIS=CL&CLASS=7_0,,
Fusión Peruana,"Francisco Bilbao 947, Providencia.",3415259,Lu - Sá: 13:00 a 16:00hrs. y 20:00 a 00:00 hrs. Do: Sólo Almuerzo.,"Solicite el descuento al momento de pagar con CMR Visa. Descuento no acumulable con otros descuentos, se excluye propinas, cigarrillos, menús, happy hours, despacho a domicilio y otras promociones u ofertas.",,Fusión Peruana,www.fusionperuanarestaurant.cl,20%,,http://www.cmrfalabella.com/b2cfapr/CMRCORP/logica/jsp/CMRCORPFFLogin.jsp?PAGINA=CMRrestaurantes&PAIS=CL,http://www.cmrfalabella.com/b2cfapr/CMRCORP/grafica/imgs/CL/res_lg_fusion.jpg,http://www.cmrfalabella.com/b2cfapr/CMRCORP/logica/jsp/CMRCORPFFLogin.jsp?PAGINA=CMRr_int_fusion&PAIS=CL&CLASS=7_0,,
Guria,"Manuel Montt 1599, Providencia.",4746605,,"Solicite el descuento al momento de pagar con CMR Visa. Descuento no acumulable con otros descuentos, se excluye propinas, cigarrillos, menús, happy hours, despacho a domicilio y otras promociones u ofertas.",,Guria,,20%,,http://www.cmrfalabella.com/b2cfapr/CMRCORP/logica/jsp/CMRCORPFFLogin.jsp?PAGINA=CMRrestaurantes&PAIS=CL,http://www.cmrfalabella.com/b2cfapr/CMRCORP/grafica/imgs/CL/res_lg_guria.jpg,http://www.cmrfalabella.com/b2cfapr/CMRCORP/logica/jsp/CMRCORPFFLogin.jsp?PAGINA=CMRr_car_guria&PAIS=CL&CLASS=7_0,,
Soul of India,"Vitacura 4111, Vitacura.",2282825,Lu-Ju: 12:30 a 15:30 y 19:30 a 23:00 hrs. Vi-Sá: 19:30 a 24:00 hrs. Do: 12:30 a 15:30 hrs.,"Solicite el descuento al momento de pagar con CMR Visa. Descuento no acumulable con otros descuentos, se excluye propinas, cigarrillos, menús, happy hours, despacho a domicilio y otras promociones u ofertas.",,Soul of India,,Soul,20%,http://www.cmrfalabella.com/b2cfapr/CMRCORP/logica/jsp/CMRCORPFFLogin.jsp?PAGINA=CMRrestaurantes&PAIS=CL,http://www.cmrfalabella.com/b2cfapr/CMRCORP/grafica/imgs/CL/res_lg_soul_india.jpg,http://www.cmrfalabella.com/b2cfapr/CMRCORP/logica/jsp/CMRCORPFFLogin.jsp?PAGINA=CMRr_int_soulindia&PAIS=CL&CLASS=7_0,,
Ummo,"Pérez Valenzuela  1470, Providencia.",2357252,Lu-Vi: 13:00 a 16:00 y 19:00 a 01:30 hrs. Sá: 18:00 a 02:30 hrs.,"Solicite el descuento al momento de pagar con CMR Visa. Descuento no acumulable con otros descuentos, se excluye propinas, cigarrillos, menús, happy hours, despacho a domicilio y otras promociones u ofertas.",,Ummo,,,25%,http://www.cmrfalabella.com/b2cfapr/CMRCORP/logica/jsp/CMRCORPFFLogin.jsp?PAGINA=CMRrestaurantes&PAIS=CL,http://www.cmrfalabella.com/b2cfapr/CMRCORP/grafica/imgs/CL/res_lg_ummo.jpg,http://www.cmrfalabella.com/b2cfapr/CMRCORP/logica/jsp/CMRCORPFFLogin.jsp?PAGINA=CMRr_int_ummo&PAIS=CL&CLASS=7_0,,
Tua,"Avenida Apoquindo 6021, Local 22, Las Condes.",,Lu-Vi: 9:30 a 21:00 hrs.  Sá: 10:00 a 21:00 hrs.,Solicite el descuento al momento de pagar con CMR Visa.Convenio válido hasta el 30/06/2012.,Apumanque,Tua,www.tua.cl,,,http://www.cmrfalabella.com/b2cfapr/CMRCORP/logica/jsp/CMRCORPFFLogin.jsp?PAGINA=CMRBeneficios&PAIS=CL,http://www.cmrfalabella.com/b2cfapr/CMRCORP/grafica/imgs/CL/bell_tua.jpg,http://www.cmrfalabella.com/b2cfapr/CMRCORP/logica/jsp/CMRCORPFFLogin.jsp?PAGINA=CMRb_tua&PAIS=CL&CLASS=7_7,20% de descuento en TUA todos los martes y miércoles.  Acumulable con otras promociones.,http://www.cmrfalabella.com/b2cfapr/CMRCORP/logica/jsp/CMRCORPFFLogin.jsp?PAGINA=CMRb_tua2&PAIS=CL&CLASS=7_7
Tua,"Av. Vicuña Mackenna Oriente 7110, local M-9, La Florida.",,20% de descuento en TUA todos los martes y miércoles.  Acumulable con otras promociones.,Solicite el descuento al momento de pagar con CMR Visa.Convenio válido hasta el 30/06/2012.,Mall Plaza Vespucio,Tua,www.tua.cl,,,http://www.cmrfalabella.com/b2cfapr/CMRCORP/logica/jsp/CMRCORPFFLogin.jsp?PAGINA=CMRBeneficios&PAIS=CL,http://www.cmrfalabella.com/b2cfapr/CMRCORP/grafica/imgs/CL/bell_tua.jpg,http://www.cmrfalabella.com/b2cfapr/CMRCORP/logica/jsp/CMRCORPFFLogin.jsp?PAGINA=CMRb_tua&PAIS=CL&CLASS=7_7,20% de descuento en TUA todos los martes y miércoles.  Acumulable con otras promociones.,http://www.cmrfalabella.com/b2cfapr/CMRCORP/logica/jsp/CMRCORPFFLogin.jsp?PAGINA=CMRb_tua11&PAIS=CL&CLASS=7_7
Tua,"Esmeralda 845, Santiago.",,Lu-Vi: 10:00 a 20:00 hrs.  Sá: 10:00 a 14:00 hrs.,Solicite el descuento al momento de pagar con CMR Visa.Convenio válido hasta el 30/06/2012.,Esmeralda,Tua,www.tua.cl,,,http://www.cmrfalabella.com/b2cfapr/CMRCORP/logica/jsp/CMRCORPFFLogin.jsp?PAGINA=CMRBeneficios&PAIS=CL,http://www.cmrfalabella.com/b2cfapr/CMRCORP/grafica/imgs/CL/bell_tua.jpg,http://www.cmrfalabella.com/b2cfapr/CMRCORP/logica/jsp/CMRCORPFFLogin.jsp?PAGINA=CMRb_tua&PAIS=CL&CLASS=7_7,20% de descuento en TUA todos los martes y miércoles.  Acumulable con otras promociones.,http://www.cmrfalabella.com/b2cfapr/CMRCORP/logica/jsp/CMRCORPFFLogin.jsp?PAGINA=CMRb_tua7&PAIS=CL&CLASS=7_7
Tua,"San Antonio 268, Santiago.",,Lu-Vi: 10:00 a 20:00 hrs.  Sá: 10:00 a 14:00 hrs.,Solicite el descuento al momento de pagar con CMR Visa.Convenio válido hasta el 30/06/2012.,San Antonio 1,Tua,www.tua.cl,,,http://www.cmrfalabella.com/b2cfapr/CMRCORP/logica/jsp/CMRCORPFFLogin.jsp?PAGINA=CMRBeneficios&PAIS=CL,http://www.cmrfalabella.com/b2cfapr/CMRCORP/grafica/imgs/CL/bell_tua.jpg,http://www.cmrfalabella.com/b2cfapr/CMRCORP/logica/jsp/CMRCORPFFLogin.jsp?PAGINA=CMRb_tua&PAIS=CL&CLASS=7_7,20% de descuento en TUA todos los martes y miércoles.  Acumulable con otras promociones.,http://www.cmrfalabella.com/b2cfapr/CMRCORP/logica/jsp/CMRCORPFFLogin.jsp?PAGINA=CMRb_tua8&PAIS=CL&CLASS=7_7
Tua,"Av. 5 de Abril 23, Maipú.",,Lu-Vi: 10:00 a 20:00 hrs.  Sá: 10:00 a 16:00 hrs.,Solicite el descuento al momento de pagar con CMR Visa.Convenio válido hasta el 30/06/2012.,Maipú,Tua,www.tua.cl,,,http://www.cmrfalabella.com/b2cfapr/CMRCORP/logica/jsp/CMRCORPFFLogin.jsp?PAGINA=CMRBeneficios&PAIS=CL,http://www.cmrfalabella.com/b2cfapr/CMRCORP/grafica/imgs/CL/bell_tua.jpg,http://www.cmrfalabella.com/b2cfapr/CMRCORP/logica/jsp/CMRCORPFFLogin.jsp?PAGINA=CMRb_tua&PAIS=CL&CLASS=7_7,20% de descuento en TUA todos los martes y miércoles.  Acumulable con otras promociones.,http://www.cmrfalabella.com/b2cfapr/CMRCORP/logica/jsp/CMRCORPFFLogin.jsp?PAGINA=CMRb_tua21&PAIS=CL&CLASS=7_7
Easy Nails,"Rosario Sur 201, Las Condes",,40% de descuento en coloración y Mechas.  Coloración INOA de Loreal + Mechas  Shades + Masaje capilar Kerastase KERA-SOIN.,Solicite el descuento al momento de pagar con CMR Visa. Descuento no acumulable con otros descuentos y promociones.Convenio válido hasta el 30/06/2012.,,Easy Nails,www.easynails.cl,,,http://www.cmrfalabella.com/b2cfapr/CMRCORP/logica/jsp/CMRCORPFFLogin.jsp?PAGINA=CMRBeneficios&PAIS=CL,http://www.cmrfalabella.com/b2cfapr/CMRCORP/grafica/imgs/CL/bell_easy.jpg,http://www.cmrfalabella.com/b2cfapr/CMRCORP/logica/jsp/CMRCORPFFLogin.jsp?PAGINA=CMRb_easy&PAIS=CL&CLASS=7_7,40% de descuento en coloración y Mechas.  Coloración INOA de Loreal + Mechas  Shades + Masaje capilar Kerastase KERA-SOIN.,
Vitaestetic,"Av. Nueva Costanera 4229 loc. 4, Vitacura.",,Lu-Vi: 09:00 a 20:00hrs. Sá: 09:00 a 13:30hrs.,Solicite el descuento al momento de pagar con CMR Visa. Descuento no acumulable con otros descuentos y promociones.Convenio válido hasta el 30/06/2012.,,Vitaestetic,www.vitaestetic.cl,,,http://www.cmrfalabella.com/b2cfapr/CMRCORP/logica/jsp/CMRCORPFFLogin.jsp?PAGINA=CMRBeneficios&PAIS=CL,http://www.cmrfalabella.com/b2cfapr/CMRCORP/grafica/imgs/CL/bell_vita.jpg,http://www.cmrfalabella.com/b2cfapr/CMRCORP/logica/jsp/CMRCORPFFLogin.jsp?PAGINA=CMRb_vita&PAIS=CL&CLASS=7_7,"20% dcto. en todos los servicios. Excluye venta de productos, tratamientos médicos y otras promociones.",
Instituto Meridien,"Condell 1015, Providencia.",,Lu-Mi-Vi: 09:30 a 22:00hrs. Ma-Ju: 09:30 a 20:00hrs.,Solicite el descuento al momento de pagar con CMR Visa. Descuento no acumulable con otros descuentos y promociones.Convenio válido hasta el 30/06/2012.,,Instituto Meridien,www.meridien.cl,,,http://www.cmrfalabella.com/b2cfapr/CMRCORP/logica/jsp/CMRCORPFFLogin.jsp?PAGINA=CMRBeneficios&PAIS=CL,http://www.cmrfalabella.com/b2cfapr/CMRCORP/grafica/imgs/CL/bell_meridien.jpg,http://www.cmrfalabella.com/b2cfapr/CMRCORP/logica/jsp/CMRCORPFFLogin.jsp?PAGINA=CMRb_meridien&PAIS=CL&CLASS=7_7,"25% Dcto. en taller de cuidado personal de rostro, manos y automaquillaje. 20% Dcto. en talleres de manicure, depilación, reflexiología, drenaje post operatorio y Maquillaje social. Excluye otras promociones.",
PetraSpa Radisson,"Comandante Malbec 12851, Hotel Radisson, Lo Barnechea",,Lu-Vi 07:00 a 22:00 hrs. Fin de semana y festivos de 09:00 a 20:00 hrs.,Solicite el descuento al momento de pagar con CMR Visa. Descuento no acumulable con otros descuentos y promociones.Convenio válido hasta el 30/06/2012.,,PetraSpa Radisson,www.radisson.cl,,,http://www.cmrfalabella.com/b2cfapr/CMRCORP/logica/jsp/CMRCORPFFLogin.jsp?PAGINA=CMRBeneficios&PAIS=CL,http://www.cmrfalabella.com/b2cfapr/CMRCORP/grafica/imgs/CL/bell_petra.jpg,http://www.cmrfalabella.com/b2cfapr/CMRCORP/logica/jsp/CMRCORPFFLogin.jsp?PAGINA=CMRb_petraspa&PAIS=CL&CLASS=7_7,20% de descuento en Terapias Corporales Faciales y Servicios de Spa.,
Estética Viva,"Avda. Las Condes 7051, Las Condes.",,02-2465849  02-2200071,Solicite el descuento al momento de pagar con CMR Visa. Descuento no acumulable con otros descuentos y promociones.Convenio válido hasta el 30/06/2012.,Las Condes,Estética Viva,www.esteticaviva.cl,,,http://www.cmrfalabella.com/b2cfapr/CMRCORP/logica/jsp/CMRCORPFFLogin.jsp?PAGINA=CMRBeneficios&PAIS=CL,http://www.cmrfalabella.com/b2cfapr/CMRCORP/grafica/imgs/CL/bell_estetica_viva.jpg,http://www.cmrfalabella.com/b2cfapr/CMRCORP/logica/jsp/CMRCORPFFLogin.jsp?PAGINA=CMRb_estetica_viva&PAIS=CL&CLASS=7_7,50% Dcto. en todos los servicios de Tratamientos Faciales  y Reductores (sobre 10 sesiones).,http://www.cmrfalabella.com/b2cfapr/CMRCORP/logica/jsp/CMRCORPFFLogin.jsp?PAGINA=CMRb_estetica_viva1&PAIS=CL&CLASS=7_7
Estética Viva,"5 Norte 899, Viña del Mar.",,Lu - Vi: 09:00 a 20:30 hrs. Sá: 09:00 a 16:00 hrs.,Solicite el descuento al momento de pagar con CMR Visa. Descuento no acumulable con otros descuentos y promociones.Convenio válido hasta el 30/06/2012.,Viña del Mar,Estética Viva,www.esteticaviva.cl,,,http://www.cmrfalabella.com/b2cfapr/CMRCORP/logica/jsp/CMRCORPFFLogin.jsp?PAGINA=CMRBeneficios&PAIS=CL,http://www.cmrfalabella.com/b2cfapr/CMRCORP/grafica/imgs/CL/bell_estetica_viva.jpg,http://www.cmrfalabella.com/b2cfapr/CMRCORP/logica/jsp/CMRCORPFFLogin.jsp?PAGINA=CMRb_estetica_viva&PAIS=CL&CLASS=7_7,50% Dcto. en todos los servicios de Tratamientos Faciales  y Reductores (sobre 10 sesiones).,http://www.cmrfalabella.com/b2cfapr/CMRCORP/logica/jsp/CMRCORPFFLogin.jsp?PAGINA=CMRb_estetica_viva2&PAIS=CL&CLASS=7_7
Better Beauty,"Padre Hurtado 1621 local 6, Las Condes.",,Lu - Vi: 09:00 a 21:00. Sá: 09:00 a 15:00 hrs.,Solicite el descuento al momento de pagar con CMR Visa. Descuento no acumulable con otros descuentos y promociones.,,Better Beauty,www.betterbeauty.cl,,,http://www.cmrfalabella.com/b2cfapr/CMRCORP/logica/jsp/CMRCORPFFLogin.jsp?PAGINA=CMRBeneficios&PAIS=CL,http://www.cmrfalabella.com/b2cfapr/CMRCORP/grafica/imgs/CL/bell_beauty.jpg,http://www.cmrfalabella.com/b2cfapr/CMRCORP/logica/jsp/CMRCORPFFLogin.jsp?PAGINA=CMRb_beauty&PAIS=CL&CLASS=7_7,20% Dcto. en todos los servicios. Excluye venta de productos y promociones.,
XC Centro de Estética,"Monseñor Félix Cabrera 14, Of. 51-62, Providencia",,Lu - Vi: 10:00 a 20:00 hrs.,Solicite el descuento al momento de pagar con CMR Visa. Descuento no acumulable con otros descuentos y promociones.Convenio válido hasta el 30/06/2012.,,XC Centro de Estética,www.xccentrodeestetica.cl,,,http://www.cmrfalabella.com/b2cfapr/CMRCORP/logica/jsp/CMRCORPFFLogin.jsp?PAGINA=CMRBeneficios&PAIS=CL,http://www.cmrfalabella.com/b2cfapr/CMRCORP/grafica/imgs/CL/bell_xc.jpg,http://www.cmrfalabella.com/b2cfapr/CMRCORP/logica/jsp/CMRCORPFFLogin.jsp?PAGINA=CMRb_xc&PAIS=CL&CLASS=7_7,"25% Dcto. en todos los servicios de Podología,  Esmaltado Permanente, Programas Reductivos y Reafirmantes.  Excluye otras promociones.",
Curvas,"Europa 2048, Providencia",,Lu - Vi: 11:00 a 21:00 hrs.,Solicite el descuento al momento de pagar con CMR Visa. Descuento no acumulable con otros descuentos y promociones. Convenio válido hasta el 30/06/2012.,,Curvas,www.mundocurvas.cl,,,http://www.cmrfalabella.com/b2cfapr/CMRCORP/logica/jsp/CMRCORPFFLogin.jsp?PAGINA=CMRBeneficios&PAIS=CL,http://www.cmrfalabella.com/b2cfapr/CMRCORP/grafica/imgs/CL/bell_curvas.jpg,http://www.cmrfalabella.com/b2cfapr/CMRCORP/logica/jsp/CMRCORPFFLogin.jsp?PAGINA=CMRb_curvas&PAIS=CL&CLASS=7_7,"20% Dcto. en todos los servicios de Depilación Definitiva,  Tratamientos Faciales, Tratamientos Corporales, Masajes, Gimnasia Pasiva en Plataforma Oscilante, Manicure y Pedicure. Excluye otras promociones vigentes.",
D'Marti Esthetic Center,"Ricardo Lyon 2942, Ñuñoa",,Lu - Vi: 09:00 a 21:00 hrs. Sa 09:00 a 14:00 hrs.,Solicite el descuento al momento de pagar con CMR Visa. Descuento no acumulable con otros descuentos y promociones. Convenio válido hasta el 30/06/2012.,,D'Marti,www.dmarti.cl,,,http://www.cmrfalabella.com/b2cfapr/CMRCORP/logica/jsp/CMRCORPFFLogin.jsp?PAGINA=CMRBeneficios&PAIS=CL,http://www.cmrfalabella.com/b2cfapr/CMRCORP/grafica/imgs/CL/bell_demarti.jpg,http://www.cmrfalabella.com/b2cfapr/CMRCORP/logica/jsp/CMRCORPFFLogin.jsp?PAGINA=CMRb_demarti&PAIS=CL&CLASS=7_7,40% Dcto. de la lista de precios. Gratis una hora de sesión corporal más evaluación. Se excluye depilación laser y promociones vigentes.,
Holyne,"Rosario Sur 103, Las Condes",,Lu - Vi: 09:00 a 19:00 hrs. Sa: 09:00 a 13:00 hrs.,Solicite el descuento al momento de pagar con CMR Visa. Descuento no acumulable con otros descuentos y promociones.,,Holyne,www.holyne.cl,,,http://www.cmrfalabella.com/b2cfapr/CMRCORP/logica/jsp/CMRCORPFFLogin.jsp?PAGINA=CMRBeneficios&PAIS=CL,http://www.cmrfalabella.com/b2cfapr/CMRCORP/grafica/imgs/CL/bell_holyne.jpg,http://www.cmrfalabella.com/b2cfapr/CMRCORP/logica/jsp/CMRCORPFFLogin.jsp?PAGINA=CMRb_holyne&PAIS=CL&CLASS=7_7,20% Dcto. sobre total de la cuenta. Se Excluye venta de productos y promociones.,
Bow Spa,"Las Tranqueras 1250, Vitacura.",,40% de descuento en Masaje Antiestrés con Magnetoterapia  o Energía Tachyon,Solicite el descuento al momento de pagar con CMR Visa. Descuento no acumulable con otros descuentos y promociones.,,Bow Spa,www.bowspa.cl,,,http://www.cmrfalabella.com/b2cfapr/CMRCORP/logica/jsp/CMRCORPFFLogin.jsp?PAGINA=CMRBeneficios&PAIS=CL,http://www.cmrfalabella.com/b2cfapr/CMRCORP/grafica/imgs/CL/bell_bow.jpg,http://www.cmrfalabella.com/b2cfapr/CMRCORP/logica/jsp/CMRCORPFFLogin.jsp?PAGINA=CMRb_bow&PAIS=CL&CLASS=7_7,40% de descuento en Masaje Antiestrés con Magnetoterapia  o Energía Tachyon,
Eva SPA,"Av. Vitacura 2844, Las Condes.",,Lu-Sá: 10:00 a 21:00hrs.  Do: 11:00 a 18:00 hrs.,"Solicite el descuento al momento de pagar con CMR Visa. Descuento no acumulable con otros descuentos. Excluye promociones vigentes, paquetes de masajes reductivos, combinaciones, depilación full, tarjetas de regalo y productos.",Isidora,Eva Spa,www.evaspa.cl,,,http://www.cmrfalabella.com/b2cfapr/CMRCORP/logica/jsp/CMRCORPFFLogin.jsp?PAGINA=CMRBeneficios&PAIS=CL,http://www.cmrfalabella.com/b2cfapr/CMRCORP/grafica/imgs/CL/bell_eva.jpg,http://www.cmrfalabella.com/b2cfapr/CMRCORP/logica/jsp/CMRCORPFFLogin.jsp?PAGINA=CMRb_eva&PAIS=CL&CLASS=7_7,40% Dcto. en depilación láser. 40% Dcto. en Cavitación. 20% Dcto. en servicios generales.,http://www.cmrfalabella.com/b2cfapr/CMRCORP/logica/jsp/CMRCORPFFLogin.jsp?PAGINA=CMRb_eva1&PAIS=CL&CLASS=7_7
Eva SPA,"Av. Colón 4157, Las Condes.",,Lu-Sá: 10:00 a 21:00hrs.  Do: 11:00 a 18:00 hrs.,"Solicite el descuento al momento de pagar con CMR Visa. Descuento no acumulable con otros descuentos. Excluye promociones vigentes, paquetes de masajes reductivos, combinaciones, depilación full, tarjetas de regalo y productos.",Colón,Eva Spa,www.evaspa.cl,,,http://www.cmrfalabella.com/b2cfapr/CMRCORP/logica/jsp/CMRCORPFFLogin.jsp?PAGINA=CMRBeneficios&PAIS=CL,http://www.cmrfalabella.com/b2cfapr/CMRCORP/grafica/imgs/CL/bell_eva.jpg,http://www.cmrfalabella.com/b2cfapr/CMRCORP/logica/jsp/CMRCORPFFLogin.jsp?PAGINA=CMRb_eva&PAIS=CL&CLASS=7_7,40% Dcto. en depilación láser. 40% Dcto. en Cavitación. 20% Dcto. en servicios generales.,http://www.cmrfalabella.com/b2cfapr/CMRCORP/logica/jsp/CMRCORPFFLogin.jsp?PAGINA=CMRb_eva2&PAIS=CL&CLASS=7_7
Eva SPA,"Morandé 26, Subsuelo Estacionamiento Plaza de la Ciudadanía, Santiago.",,Lu-Sá: 10:00 a 21:00hrs.  Do: 11:00 a 18:00 hrs.,"Solicite el descuento al momento de pagar con CMR Visa. Descuento no acumulable con otros descuentos. Excluye promociones vigentes, paquetes de masajes reductivos, combinaciones, depilación full, tarjetas de regalo y productos.",Moneda,Eva Spa,www.evaspa.cl,,,http://www.cmrfalabella.com/b2cfapr/CMRCORP/logica/jsp/CMRCORPFFLogin.jsp?PAGINA=CMRBeneficios&PAIS=CL,http://www.cmrfalabella.com/b2cfapr/CMRCORP/grafica/imgs/CL/bell_eva.jpg,http://www.cmrfalabella.com/b2cfapr/CMRCORP/logica/jsp/CMRCORPFFLogin.jsp?PAGINA=CMRb_eva&PAIS=CL&CLASS=7_7,40% Dcto. en depilación láser. 40% Dcto. en Cavitación. 20% Dcto. en servicios generales.,http://www.cmrfalabella.com/b2cfapr/CMRCORP/logica/jsp/CMRCORPFFLogin.jsp?PAGINA=CMRb_eva3&PAIS=CL&CLASS=7_7
Eva SPA,"Av. Providencia 2287, Providencia.",,Lu-Sá: 10:00 a 21:00hrs.  Do: 11:00 a 18:00 hrs.,"Solicite el descuento al momento de pagar con CMR Visa. Descuento no acumulable con otros descuentos. Excluye promociones vigentes, paquetes de masajes reductivos, combinaciones, depilación full, tarjetas de regalo y productos.",Providencia,Eva Spa,www.evaspa.cl,,,http://www.cmrfalabella.com/b2cfapr/CMRCORP/logica/jsp/CMRCORPFFLogin.jsp?PAGINA=CMRBeneficios&PAIS=CL,http://www.cmrfalabella.com/b2cfapr/CMRCORP/grafica/imgs/CL/bell_eva.jpg,http://www.cmrfalabella.com/b2cfapr/CMRCORP/logica/jsp/CMRCORPFFLogin.jsp?PAGINA=CMRb_eva&PAIS=CL&CLASS=7_7,40% Dcto. en Cavitación. 20% Dcto. en servicios generales.,http://www.cmrfalabella.com/b2cfapr/CMRCORP/logica/jsp/CMRCORPFFLogin.jsp?PAGINA=CMRb_eva4&PAIS=CL&CLASS=7_7
Eva SPA,"Cerro El Plomo 5680, Torre 6, Local 9. Las Condes.",,Lu-Sá: 10:00 a 21:00hrs.  Do: 11:00 a 18:00 hrs.,"Solicite el descuento al momento de pagar con CMR Visa. Descuento no acumulable con otros descuentos. Excluye promociones vigentes, paquetes de masajes reductivos, combinaciones, depilación full, tarjetas de regalo y productos.",Nueva Las Condes,Eva Spa,www.evaspa.cl,,,http://www.cmrfalabella.com/b2cfapr/CMRCORP/logica/jsp/CMRCORPFFLogin.jsp?PAGINA=CMRBeneficios&PAIS=CL,http://www.cmrfalabella.com/b2cfapr/CMRCORP/grafica/imgs/CL/bell_eva.jpg,http://www.cmrfalabella.com/b2cfapr/CMRCORP/logica/jsp/CMRCORPFFLogin.jsp?PAGINA=CMRb_eva&PAIS=CL&CLASS=7_7,40% Dcto. en depilación láser. 40% Dcto. en Cavitación. 20% Dcto. en servicios generales.,http://www.cmrfalabella.com/b2cfapr/CMRCORP/logica/jsp/CMRCORPFFLogin.jsp?PAGINA=CMRb_eva5&PAIS=CL&CLASS=7_7
Eva SPA,"Camino Las Flores 13000, Las Condes.",,Lu-Sá: 10:00 a 21:00hrs.  Do: 11:00 a 18:00 hrs.,"Solicite el descuento al momento de pagar con CMR Visa. Descuento no acumulable con otros descuentos. Excluye promociones vigentes, paquetes de masajes reductivos, combinaciones, depilación full, tarjetas de regalo y productos.",Casa Club UC,Eva Spa,www.evaspa.cl,,,http://www.cmrfalabella.com/b2cfapr/CMRCORP/logica/jsp/CMRCORPFFLogin.jsp?PAGINA=CMRBeneficios&PAIS=CL,http://www.cmrfalabella.com/b2cfapr/CMRCORP/grafica/imgs/CL/bell_eva.jpg,http://www.cmrfalabella.com/b2cfapr/CMRCORP/logica/jsp/CMRCORPFFLogin.jsp?PAGINA=CMRb_eva&PAIS=CL&CLASS=7_7,40% Dcto. en depilación láser. 40% Dcto. en Cavitación. 20% Dcto. en servicios generales.,http://www.cmrfalabella.com/b2cfapr/CMRCORP/logica/jsp/CMRCORPFFLogin.jsp?PAGINA=CMRb_eva6&PAIS=CL&CLASS=7_7
Coolfit,"Estoril 50, 903-A, Las Condes.",,02-9542799,Solicite el descuento al momento de pagar con CMR Visa. Descuento no acumulable con otros descuentos y promociones. Se excluye venta de productos.,,Coolfit,www.coolfit.cl,,,http://www.cmrfalabella.com/b2cfapr/CMRCORP/logica/jsp/CMRCORPFFLogin.jsp?PAGINA=CMRBeneficios&PAIS=CL,http://www.cmrfalabella.com/b2cfapr/CMRCORP/grafica/imgs/CL/bell_coolfit.jpg,http://www.cmrfalabella.com/b2cfapr/CMRCORP/logica/jsp/CMRCORPFFLogin.jsp?PAGINA=CMRb_coolfit&PAIS=CL&CLASS=7_7,"20% Dcto. en todos los servicios. MP2 Octopolar: Rejuvenecimiento, Anticelulitis, Reafirmante y Reductivo (mínimo 8 sesiones).",
Nova Vida,"Del Inca 5920, Las Condes.",,Lu-Vi: 08:00 a 24:00 hrs. Sá: 10:00 a 20:00 hrs. Do y Festivos: 10:00 a 19:00 hrs.,Solicite el descuento al momento de pagar con CMR Visa. Descuento no acumulable con otros descuentos y promociones.,,Nova Vida,www.novavida.cl,,,http://www.cmrfalabella.com/b2cfapr/CMRCORP/logica/jsp/CMRCORPFFLogin.jsp?PAGINA=CMRBeneficios&PAIS=CL,http://www.cmrfalabella.com/b2cfapr/CMRCORP/grafica/imgs/CL/bell_novavida.jpg,http://www.cmrfalabella.com/b2cfapr/CMRCORP/logica/jsp/CMRCORPFFLogin.jsp?PAGINA=CMRb_novavida&PAIS=CL&CLASS=7_7,20% Dcto. sobre precio público en Cosmetología. 20% Dcto. sobre precio público en Salón de Belleza. 20% Dcto. sobre precio público en Masajes de relajación. Estética. 50% Dcto. sobre precio público en Cavitación. Estética. 20% Dcto. sobre precio público en Gimnasia.,
Pretty Woman,"Pedro Fontova 7789, Local 18, Huechuraba.",,Lu-Vi: 9:00 a 21:00 hrs.  Sá: 9:00 a 14:00 hrs.,Solicite el descuento al momento de pagar con CMR Visa. Descuento no acumulable con otros descuentos y promociones.,Huechuraba,Pretty Woman,www.prettywoman.cl,,,http://www.cmrfalabella.com/b2cfapr/CMRCORP/logica/jsp/CMRCORPFFLogin.jsp?PAGINA=CMRBeneficios&PAIS=CL,http://www.cmrfalabella.com/b2cfapr/CMRCORP/grafica/imgs/CL/bell_pretty.jpg,http://www.cmrfalabella.com/b2cfapr/CMRCORP/logica/jsp/CMRCORPFFLogin.jsp?PAGINA=CMRb_prettywoman&PAIS=CL&CLASS=7_7,40% de descuento en tratamientos faciales y corporales.  Gratis 1 hora de sesión corporal mas evaluación de su peso y grasa corporal.,http://www.cmrfalabella.com/b2cfapr/CMRCORP/logica/jsp/CMRCORPFFLogin.jsp?PAGINA=CMRb_prettywoman1&PAIS=CL&CLASS=7_7
Pretty Woman,"Vicuña Mackena Poniente 7410, Local 8 Piso 2, La Florida.",,Lu-Vi: 9:00 a 21:00 hrs.  Sá: 9:00 a 14:00 hrs.,Solicite el descuento al momento de pagar con CMR Visa. Descuento no acumulable con otros descuentos y promociones.,La Florida,Pretty Woman,www.prettywoman.cl,,,http://www.cmrfalabella.com/b2cfapr/CMRCORP/logica/jsp/CMRCORPFFLogin.jsp?PAGINA=CMRBeneficios&PAIS=CL,http://www.cmrfalabella.com/b2cfapr/CMRCORP/grafica/imgs/CL/bell_pretty.jpg,http://www.cmrfalabella.com/b2cfapr/CMRCORP/logica/jsp/CMRCORPFFLogin.jsp?PAGINA=CMRb_prettywoman&PAIS=CL&CLASS=7_7,40% de descuento en tratamientos faciales y corporales.  Gratis 1 hora de sesión corporal mas evaluación de su peso y grasa corporal.,http://www.cmrfalabella.com/b2cfapr/CMRCORP/logica/jsp/CMRCORPFFLogin.jsp?PAGINA=CMRb_prettywoman2&PAIS=CL&CLASS=7_7
Pretty Woman,"Benjamin 2963, Las Condes. Metro El Golf",,Lu-Vi: 9:00 a 21:00 hrs.  Sá: 9:00 a 14:00 hrs.,Solicite el descuento al momento de pagar con CMR Visa. Descuento no acumulable con otros descuentos y promociones.,El Golf,Pretty Woman,www.prettywoman.cl,,,http://www.cmrfalabella.com/b2cfapr/CMRCORP/logica/jsp/CMRCORPFFLogin.jsp?PAGINA=CMRBeneficios&PAIS=CL,http://www.cmrfalabella.com/b2cfapr/CMRCORP/grafica/imgs/CL/bell_pretty.jpg,http://www.cmrfalabella.com/b2cfapr/CMRCORP/logica/jsp/CMRCORPFFLogin.jsp?PAGINA=CMRb_prettywoman&PAIS=CL&CLASS=7_7,40% de descuento en tratamientos faciales y corporales.  Gratis 1 hora de sesión corporal mas evaluación de su peso y grasa corporal.,http://www.cmrfalabella.com/b2cfapr/CMRCORP/logica/jsp/CMRCORPFFLogin.jsp?PAGINA=CMRb_prettywoman3&PAIS=CL&CLASS=7_7
Pretty Woman,"Manquehue Sur 963, Las Condes, Metro Manquehue.",,Lu-Vi: 9:00 a 21:00 hrs.  Sá: 9:00 a 14:00 hrs.,Solicite el descuento al momento de pagar con CMR Visa. Descuento no acumulable con otros descuentos y promociones.,Manquehue,Pretty Woman,www.prettywoman.cl,,,http://www.cmrfalabella.com/b2cfapr/CMRCORP/logica/jsp/CMRCORPFFLogin.jsp?PAGINA=CMRBeneficios&PAIS=CL,http://www.cmrfalabella.com/b2cfapr/CMRCORP/grafica/imgs/CL/bell_pretty.jpg,http://www.cmrfalabella.com/b2cfapr/CMRCORP/logica/jsp/CMRCORPFFLogin.jsp?PAGINA=CMRb_prettywoman&PAIS=CL&CLASS=7_7,40% de descuento en tratamientos faciales y corporales.  Gratis 1 hora de sesión corporal mas evaluación de su peso y grasa corporal.,http://www.cmrfalabella.com/b2cfapr/CMRCORP/logica/jsp/CMRCORPFFLogin.jsp?PAGINA=CMRb_prettywoman4&PAIS=CL&CLASS=7_7
Pretty Woman,"Calle El Rodeo 13442, local 2B, Lo Barnechea.",,Lu-Vi: 9:00 a 21:00 hrs.  Sá: 9:00 a 14:00 hrs.,Solicite el descuento al momento de pagar con CMR Visa. Descuento no acumulable con otros descuentos y promociones.,Lo Barnechea,Pretty Woman,www.prettywoman.cl,,,http://www.cmrfalabella.com/b2cfapr/CMRCORP/logica/jsp/CMRCORPFFLogin.jsp?PAGINA=CMRBeneficios&PAIS=CL,http://www.cmrfalabella.com/b2cfapr/CMRCORP/grafica/imgs/CL/bell_pretty.jpg,http://www.cmrfalabella.com/b2cfapr/CMRCORP/logica/jsp/CMRCORPFFLogin.jsp?PAGINA=CMRb_prettywoman&PAIS=CL&CLASS=7_7,40% de descuento en tratamientos faciales y corporales.  Gratis 1 hora de sesión corporal mas evaluación de su peso y grasa corporal.,http://www.cmrfalabella.com/b2cfapr/CMRCORP/logica/jsp/CMRCORPFFLogin.jsp?PAGINA=CMRb_prettywoman12&PAIS=CL&CLASS=7_7
Belleza Urbana,"Nueva Costanera 4229 Local 4, Las Condes.",,Ma - Vi 09:00 a 20.00 hrs.,Solicite el descuento al momento de pagar con CMR Visa. Descuento no acumulable con otros descuentos y promociones.,,Belleza Urbana,www.bellezaurbana.cl,,,http://www.cmrfalabella.com/b2cfapr/CMRCORP/logica/jsp/CMRCORPFFLogin.jsp?PAGINA=CMRBeneficios&PAIS=CL,http://www.cmrfalabella.com/b2cfapr/CMRCORP/grafica/imgs/CL/bell_burbana.jpg,http://www.cmrfalabella.com/b2cfapr/CMRCORP/logica/jsp/CMRCORPFFLogin.jsp?PAGINA=CMRb_burbana&PAIS=CL&CLASS=7_7,20% Dcto. aplicado sobre total de la cuenta. Se excluye promociones vigentes.,
Kendha,"Av. La Dehesa 1201 - 6° piso, of. 626 - Torre Oriente, Lo Barnechea",,Lu-Vi: 08:00 a 20:00 hrs.  Sá: 09:00 a 14:00 hrs.,Solicite el descuento al momento de pagar con CMR Visa. Descuento no acumulable con otros descuentos y promociones.,,Kendha,www.kendha.com,,,http://www.cmrfalabella.com/b2cfapr/CMRCORP/logica/jsp/CMRCORPFFLogin.jsp?PAGINA=CMRBeneficios&PAIS=CL,http://www.cmrfalabella.com/b2cfapr/CMRCORP/grafica/imgs/CL/bell_kendha.jpg,http://www.cmrfalabella.com/b2cfapr/CMRCORP/logica/jsp/CMRCORPFFLogin.jsp?PAGINA=CMRb_kendha&PAIS=CL&CLASS=7_7,"Desde un 20% de descuento en servicios.  Incluye: Nutrición, Plataforma Vibratoria, Cosmetología,  Tratamientos Corporales, Aparatología, Omega 3 ZNC. No válido en servicios de Medicina Estética.",
La Bonita,"Luis Pasteur 5515 local 8, Vitacura.",,Lu - Sá: 10:00 a 19:30 hrs.,Solicite el descuento al momento de pagar con CMR Visa. Descuento no acumulable con otros descuentos y promociones.,,La Bonita,www.labonita.cl,,,http://www.cmrfalabella.com/b2cfapr/CMRCORP/logica/jsp/CMRCORPFFLogin.jsp?PAGINA=CMRBeneficios&PAIS=CL,http://www.cmrfalabella.com/b2cfapr/CMRCORP/grafica/imgs/CL/bell_bonita.jpg,http://www.cmrfalabella.com/b2cfapr/CMRCORP/logica/jsp/CMRCORPFFLogin.jsp?PAGINA=CMRb_bonita1&PAIS=CL&CLASS=7_7,20% Dcto. en todos los servicios. Excluye venta de productos y promociones.,
Estudio de Maquillaje Tere Irarrázabal,"Luis Pasteur 6477, Piso 2, Vitacura.",,Lu - Vi: 10:00 a 14:00 hrs y 16:00 a 20:00 hrs.,Solicite el descuento al momento de pagar con CMR Visa. Descuento no acumulable con otros descuentos y promociones.,,Tere Irarrázabal,www.tereirarrazabal.cl,,,http://www.cmrfalabella.com/b2cfapr/CMRCORP/logica/jsp/CMRCORPFFLogin.jsp?PAGINA=CMRBeneficios&PAIS=CL,http://www.cmrfalabella.com/b2cfapr/CMRCORP/grafica/imgs/CL/bell_terei.jpg,http://www.cmrfalabella.com/b2cfapr/CMRCORP/logica/jsp/CMRCORPFFLogin.jsp?PAGINA=CMRb_terei&PAIS=CL&CLASS=7_7,20% Dcto. en Cursos de Maquillaje. Excluye otras promociones.,
Depilab,"General Holley 2381 Of. 1004, Providencia",,Lu - Sá: 09:00 a 14:00 y 15:00 a 19:00 hrs.,Solicite el descuento al momento de pagar con CMR Visa. Descuento no acumulable con otros descuentos y promociones.,Providencia,Depilab,www.depilab.cl,,,http://www.cmrfalabella.com/b2cfapr/CMRCORP/logica/jsp/CMRCORPFFLogin.jsp?PAGINA=CMRBeneficios&PAIS=CL,http://www.cmrfalabella.com/b2cfapr/CMRCORP/grafica/imgs/CL/bell_depilab.jpg,http://www.cmrfalabella.com/b2cfapr/CMRCORP/logica/jsp/CMRCORPFFLogin.jsp?PAGINA=CMRb_depilab&PAIS=CL&CLASS=7_7,50% Dcto. en Depilación y 40% Dcto. en Tratamientos Corporales.,http://www.cmrfalabella.com/b2cfapr/CMRCORP/logica/jsp/CMRCORPFFLogin.jsp?PAGINA=CMRb_depilab1&PAIS=CL&CLASS=7_7
Depilab,"Av. Las Condes 10373 Of. 26, Las Condes",,Lu - Sá: 09:00 a 14:00 y 15:00 a 19:00 hrs.,Solicite el descuento al momento de pagar con CMR Visa. Descuento no acumulable con otros descuentos y promociones.,Las Condes,Depilab,www.depilab.cl,,,http://www.cmrfalabella.com/b2cfapr/CMRCORP/logica/jsp/CMRCORPFFLogin.jsp?PAGINA=CMRBeneficios&PAIS=CL,http://www.cmrfalabella.com/b2cfapr/CMRCORP/grafica/imgs/CL/bell_depilab.jpg,http://www.cmrfalabella.com/b2cfapr/CMRCORP/logica/jsp/CMRCORPFFLogin.jsp?PAGINA=CMRb_depilab&PAIS=CL&CLASS=7_7,50% Dcto. en Depilación y 40% Dcto. en Tratamientos Corporales.,http://www.cmrfalabella.com/b2cfapr/CMRCORP/logica/jsp/CMRCORPFFLogin.jsp?PAGINA=CMRb_depilab2&PAIS=CL&CLASS=7_7
Peluquería Rodrigo Mejias,"Campos 194 Local 2, Rancagua",,Lu - Vi: 09:30 a 20:00 hrs. Sá: 09:30 a 19:00 hrs.,Solicite el descuento al momento de pagar con CMR Visa. Descuento no acumulable con otros descuentos y promociones.,,Peluquería Rodrigo Mejias,,,,http://www.cmrfalabella.com/b2cfapr/CMRCORP/logica/jsp/CMRCORPFFLogin.jsp?PAGINA=CMRBeneficios&PAIS=CL,http://www.cmrfalabella.com/b2cfapr/CMRCORP/grafica/imgs/CL/bell_rodrigo.jpg,http://www.cmrfalabella.com/b2cfapr/CMRCORP/logica/jsp/CMRCORPFFLogin.jsp?PAGINA=CMRb_rodrigo&PAIS=CL&CLASS=7_7,"20% Dcto. en cortes, peinados, color y tratamientos.",
Les Gemeaux Esthetique,"Principe de Gales 6750, La Reina",,Lu a Vi 10:00 a 21:00 hrs.  Sa 09:00 a 15:00 hrs.,Solicite el descuento al momento de pagar con CMR Visa. Descuento no acumulable con otros descuentos y promociones.,La Reina,Les Gemeaux Esthetique,www.lesgemeaux.cl,,,http://www.cmrfalabella.com/b2cfapr/CMRCORP/logica/jsp/CMRCORPFFLogin.jsp?PAGINA=CMRBeneficios&PAIS=CL,http://www.cmrfalabella.com/b2cfapr/CMRCORP/grafica/imgs/CL/bell_gemeaux.jpg,http://www.cmrfalabella.com/b2cfapr/CMRCORP/logica/jsp/CMRCORPFFLogin.jsp?PAGINA=CMRb_gemeaux&PAIS=CL&CLASS=7_7,20% Dcto. en total de la cuenta. Excluye promociones.,http://www.cmrfalabella.com/b2cfapr/CMRCORP/logica/jsp/CMRCORPFFLogin.jsp?PAGINA=CMRb_gemeaux1&PAIS=CL&CLASS=7_7
Les Gemeaux Esthetique,"Alsacia 127, Las Condes",,Lu a Vi 10:00 a 21:00 hrs.  Sa 09:00 a 15:00 hrs.,Solicite el descuento al momento de pagar con CMR Visa. Descuento no acumulable con otros descuentos y promociones.,Las Condes,Les Gemeaux Esthetique,www.lesgemeaux.cl,,,http://www.cmrfalabella.com/b2cfapr/CMRCORP/logica/jsp/CMRCORPFFLogin.jsp?PAGINA=CMRBeneficios&PAIS=CL,http://www.cmrfalabella.com/b2cfapr/CMRCORP/grafica/imgs/CL/bell_gemeaux.jpg,http://www.cmrfalabella.com/b2cfapr/CMRCORP/logica/jsp/CMRCORPFFLogin.jsp?PAGINA=CMRb_gemeaux&PAIS=CL&CLASS=7_7,20% Dcto. en total de la cuenta. Excluye promociones,http://www.cmrfalabella.com/b2cfapr/CMRCORP/logica/jsp/CMRCORPFFLogin.jsp?PAGINA=CMRb_gemeaux2&PAIS=CL&CLASS=7_7
Les Gemeaux Esthetique,"Gerónimo de Alderete 626, Las Condes",,Lu a Vi 10:00 a 21:00 hrs.  Sa 10:00 a 16:00 hrs.,Solicite el descuento al momento de pagar con CMR Visa. Descuento no acumulable con otros descuentos y promociones.,Las Condes,Les Gemeaux Esthetique,www.lesgemeaux.cl,,,http://www.cmrfalabella.com/b2cfapr/CMRCORP/logica/jsp/CMRCORPFFLogin.jsp?PAGINA=CMRBeneficios&PAIS=CL,http://www.cmrfalabella.com/b2cfapr/CMRCORP/grafica/imgs/CL/bell_gemeaux.jpg,http://www.cmrfalabella.com/b2cfapr/CMRCORP/logica/jsp/CMRCORPFFLogin.jsp?PAGINA=CMRb_gemeaux&PAIS=CL&CLASS=7_7,20% Dcto. en total de la cuenta. Excluye promociones,http://www.cmrfalabella.com/b2cfapr/CMRCORP/logica/jsp/CMRCORPFFLogin.jsp?PAGINA=CMRb_gemeaux3&PAIS=CL&CLASS=7_7
Les Gemeaux Esthetique,"IV Centenario 1027, Las Condes",,Lu a Vi 10:00 a 21:00 hrs.  Sa 09:00 a 16:00 hrs.,Solicite el descuento al momento de pagar con CMR Visa. Descuento no acumulable con otros descuentos y promociones.,Las Condes,Les Gemeaux Esthetique,www.lesgemeaux.cl,,,http://www.cmrfalabella.com/b2cfapr/CMRCORP/logica/jsp/CMRCORPFFLogin.jsp?PAGINA=CMRBeneficios&PAIS=CL,http://www.cmrfalabella.com/b2cfapr/CMRCORP/grafica/imgs/CL/bell_gemeaux.jpg,http://www.cmrfalabella.com/b2cfapr/CMRCORP/logica/jsp/CMRCORPFFLogin.jsp?PAGINA=CMRb_gemeaux&PAIS=CL&CLASS=7_7,20% Dcto. en total de la cuenta. Excluye promociones,http://www.cmrfalabella.com/b2cfapr/CMRCORP/logica/jsp/CMRCORPFFLogin.jsp?PAGINA=CMRb_gemeaux4&PAIS=CL&CLASS=7_7
Lipocontrol,"Cerro Colorado 5030 Of. 208, Las Condes",,,Solicite el descuento al momento de pagar con CMR Visa. Descuento no acumulable con otros descuentos y promociones.,,Lipocontrol,www.lipocontrol.cl,,,http://www.cmrfalabella.com/b2cfapr/CMRCORP/logica/jsp/CMRCORPFFLogin.jsp?PAGINA=CMRBeneficios&PAIS=CL,http://www.cmrfalabella.com/b2cfapr/CMRCORP/grafica/imgs/CL/bell_lipo.jpg,http://www.cmrfalabella.com/b2cfapr/CMRCORP/logica/jsp/CMRCORPFFLogin.jsp?PAGINA=CMRb_lipocontrol&PAIS=CL&CLASS=7_7,20% Dcto. en total de la cuenta. Excluye promociones.,
Alma Integral,"San Francisco de Asís 150, Las Condes.",,Lu - Vi: 09:30 a 19:30hrs. Sá: 09:30 a 14:00 hrs.,Solicite el descuento al momento de pagar con CMR Visa. Descuento no acumulable con otros descuentos y promociones.,,Alma Integral,www.almaintegral.cl,,,http://www.cmrfalabella.com/b2cfapr/CMRCORP/logica/jsp/CMRCORPFFLogin.jsp?PAGINA=CMRBeneficios&PAIS=CL,http://www.cmrfalabella.com/b2cfapr/CMRCORP/grafica/imgs/CL/bell_integral.jpg,http://www.cmrfalabella.com/b2cfapr/CMRCORP/logica/jsp/CMRCORPFFLogin.jsp?PAGINA=CMRb_integral&PAIS=CL&CLASS=7_7,"35% Dcto. en todos los servicios. Tratamiento Corporal, Facial y Nutrición. Excluye otras promociones.",
New Skin Arjona,"Av. 11 de Septiembre 1945, Of 1411- 1412, Providencia",,,Solicite el descuento al momento de pagar con CMR Visa. Descuento no acumulable con otros descuentos y promociones.,,New Skin Arjona,www.newskinarjona.cl,,,http://www.cmrfalabella.com/b2cfapr/CMRCORP/logica/jsp/CMRCORPFFLogin.jsp?PAGINA=CMRBeneficios&PAIS=CL,http://www.cmrfalabella.com/b2cfapr/CMRCORP/grafica/imgs/CL/bell_newskinarjona.jpg,http://www.cmrfalabella.com/b2cfapr/CMRCORP/logica/jsp/CMRCORPFFLogin.jsp?PAGINA=CMRb_newskinarjona&PAIS=CL&CLASS=7_7,20% Dcto. en total de la cuenta. Excluye promociones.,
Curves,"Luis Pasteur 5515 local 10, Vitacura.",,20% de descuento sobre Plan Mensual y Cuota de Incorporación.  20% de Descuento Sobre Plan Anual y Cuota de Incorporación.,Descuento se efectuará al momento de pagar con CMR Visa y será de responsabilidad exclusiva del comercio. No acumulable con otras ofertas o promociones.,Vitacura,Curves,www.curves.cl,,,http://www.cmrfalabella.com/b2cfapr/CMRCORP/logica/jsp/CMRCORPFFLogin.jsp?PAGINA=CMRDeportes&PAIS=CL,http://www.cmrfalabella.com/b2cfapr/CMRCORP/grafica/imgs/CL/dep_curves.jpg,http://www.cmrfalabella.com/b2cfapr/CMRCORP/logica/jsp/CMRCORPFFLogin.jsp?PAGINA=CMRdep_curves&PAIS=CL&CLASS=7_11,20% de descuento sobre Plan Mensual y Cuota de Incorporación.  20% de Descuento Sobre Plan Anual y Cuota de Incorporación.,http://www.cmrfalabella.com/b2cfapr/CMRCORP/logica/jsp/CMRCORPFFLogin.jsp?PAGINA=CMRdep_curves1&PAIS=CL&CLASS=7_11
Curves,"Padre Mariano 74, Providencia.",,20% de descuento sobre Plan Mensual y Cuota de Incorporación.  20% de Descuento Sobre Plan Anual y Cuota de Incorporación.,Descuento se efectuará al momento de pagar con CMR Visa y será de responsabilidad exclusiva del comercio. No acumulable con otras ofertas o promociones.,Providencia,Curves,www.curves.cl,,,http://www.cmrfalabella.com/b2cfapr/CMRCORP/logica/jsp/CMRCORPFFLogin.jsp?PAGINA=CMRDeportes&PAIS=CL,http://www.cmrfalabella.com/b2cfapr/CMRCORP/grafica/imgs/CL/dep_curves.jpg,http://www.cmrfalabella.com/b2cfapr/CMRCORP/logica/jsp/CMRCORPFFLogin.jsp?PAGINA=CMRdep_curves&PAIS=CL&CLASS=7_11,20% de descuento sobre Plan Mensual y Cuota de Incorporación.  20% de Descuento Sobre Plan Anual y Cuota de Incorporación.,http://www.cmrfalabella.com/b2cfapr/CMRCORP/logica/jsp/CMRCORPFFLogin.jsp?PAGINA=CMRdep_curves2&PAIS=CL&CLASS=7_11
Laurus Pilates & Therapy,"Luis Pasteur 6607, Vitacura.",,Lu-Vi: 7:30 a 21:00 hrs.  Sá: 9:00 a 14:00 hrs.,Descuento se efectuará al momento de pagar con CMR Visa y será de responsabilidad exclusiva del comercio. No acumulable con otras ofertas o promociones.,,Laurus Pilates & Therapy,www.laurus.cl,,,http://www.cmrfalabella.com/b2cfapr/CMRCORP/logica/jsp/CMRCORPFFLogin.jsp?PAGINA=CMRDeportes&PAIS=CL,http://www.cmrfalabella.com/b2cfapr/CMRCORP/grafica/imgs/CL/dep_laurus.jpg,http://www.cmrfalabella.com/b2cfapr/CMRCORP/logica/jsp/CMRCORPFFLogin.jsp?PAGINA=CMRdep_laurus&PAIS=CL&CLASS=7_11,"40% Dcto. cuota de incorporación. 20% Dcto. primer mes. Al contratar 3 meses: 20% Dcto. primer mes, 10% Dcto. segundo y tercer mes.  Al contratar 6 meses: 20% Dcto. primer mes, 15% Dcto. meses siguientes. Al contratar un año 20% Dcto. en primer mes, 20% Dcto. meses siguientes.",
Welfit,"Padre Alfredo Arteaga 1842, Lo Barnechea.",,Lu - Vi: 08:00 a 12:30 hrs. y 17:00 a 21:15 hrs.  Sá: 09:20 a 11:30 hrs.,Descuento se efectuará al momento de pagar con CMR Visa y será de responsabilidad exclusiva del comercio. No acumulable con otras ofertas o promociones.,,Welfit,www.welfit.cl,,,http://www.cmrfalabella.com/b2cfapr/CMRCORP/logica/jsp/CMRCORPFFLogin.jsp?PAGINA=CMRDeportes&PAIS=CL,http://www.cmrfalabella.com/b2cfapr/CMRCORP/grafica/imgs/CL/dep_welfit.jpg,http://www.cmrfalabella.com/b2cfapr/CMRCORP/logica/jsp/CMRCORPFFLogin.jsp?PAGINA=CMRdep_welfit&PAIS=CL&CLASS=7_11,20% dcto. aplicado sobre total de la cuenta.,
Nova Vida,"Del Inca 5920, Las Condes",,Lu - Vi: 08:00 a 24:00 hrs. Sa: 10:00 a 20:00 hrs. Do y Festivos: 10:00 a 19:00 hrs.,Descuento se efectuará al momento de pagar con CMR Visa y será de responsabilidad exclusiva del comercio. No acumulable con otras ofertas o promociones.,,Nova Vida,www.novavida.cl,,,http://www.cmrfalabella.com/b2cfapr/CMRCORP/logica/jsp/CMRCORPFFLogin.jsp?PAGINA=CMRDeportes&PAIS=CL,http://www.cmrfalabella.com/b2cfapr/CMRCORP/grafica/imgs/CL/dep_novavida.jpg,http://www.cmrfalabella.com/b2cfapr/CMRCORP/logica/jsp/CMRCORPFFLogin.jsp?PAGINA=CMRdep_novavida&PAIS=CL&CLASS=7_11,20% Dcto. sobre precio público en Cosmetología 20% Dcto. sobre precio público en Salón de Belleza. 20% Dcto. sobre precio público en Masajes de relajación estética.  50% Dcto. sobre precio público en Cavitación Estética.  20% Dcto. sobre precio público en Gimnasia.,
Reyter Pilates,"Tomás Moro 1221, Las Condes.",,35% dcto. plan semestral 8 y 12 clases mensuales.  30% dcto. en plan trimestral de 12 clases mensuales. 25% dcto. en plan trimestral de 8 clases mensuales.,Descuento se efectuará al momento de pagar con CMR Visa y será de responsabilidad exclusiva del comercio. No acumulable con otras ofertas o promociones.,,Reyter Pilates,www.reyter.cl,,,http://www.cmrfalabella.com/b2cfapr/CMRCORP/logica/jsp/CMRCORPFFLogin.jsp?PAGINA=CMRDeportes&PAIS=CL,http://www.cmrfalabella.com/b2cfapr/CMRCORP/grafica/imgs/CL/dep_reyter.jpg,http://www.cmrfalabella.com/b2cfapr/CMRCORP/logica/jsp/CMRCORPFFLogin.jsp?PAGINA=CMRdep_reyter&PAIS=CL&CLASS=7_11,35% dcto. plan semestral 8 y 12 clases mensuales.  30% dcto. en plan trimestral de 12 clases mensuales. 25% dcto. en plan trimestral de 8 clases mensuales.,
PetraSpa Radisson La Dehesa,"Comandante Malbec 12851, La Dehesa.",,Lu - Vi 07:00 a 22:00 hrs.  Fin de semana y Festivos de 09:00 a 20:00 hrs.,Descuento se efectuará al momento de pagar con CMR Visa y será de responsabilidad exclusiva del comercio. No acumulable con otras ofertas o promociones.,,PetraSpa Radisson,www.radisson.cl,,,http://www.cmrfalabella.com/b2cfapr/CMRCORP/logica/jsp/CMRCORPFFLogin.jsp?PAGINA=CMRDeportes&PAIS=CL,http://www.cmrfalabella.com/b2cfapr/CMRCORP/grafica/imgs/CL/bell_petra.jpg,http://www.cmrfalabella.com/b2cfapr/CMRCORP/logica/jsp/CMRCORPFFLogin.jsp?PAGINA=CMRdep_petradep&PAIS=CL&CLASS=7_11,40% Dcto. en el pago de la matrícula y mensualidad.  Evaluación diagnóstica sin costo.,
Studio Fitness Options,"Apoquindo 5065, Las Condes",,Lu - Ju: 06:00 a 23:00 hrs. Vi: 06:00 a 22:00 hrs.  Sa: 08:00 a 18:00 hrs. Do y Festivos 09:00 a 14:00 hrs.,Descuento se efectuará al momento de pagar con CMR Visa y será de responsabilidad exclusiva del comercio. No acumulable con otras ofertas o promociones.,,Studio Fitness Options,www.studiofitnessoptions.cl,,,http://www.cmrfalabella.com/b2cfapr/CMRCORP/logica/jsp/CMRCORPFFLogin.jsp?PAGINA=CMRDeportes&PAIS=CL,http://www.cmrfalabella.com/b2cfapr/CMRCORP/grafica/imgs/CL/dep_sfo.jpg,http://www.cmrfalabella.com/b2cfapr/CMRCORP/logica/jsp/CMRCORPFFLogin.jsp?PAGINA=CMRdep_sfo&PAIS=CL&CLASS=7_11,20% Dcto. en la mensualidad. Se Excluye promociones vigentes.,
Izumi Pilates Studio,"Apoquindo 4974, Las Condes",,20% Dcto. sobre total de la cuenta. Se Excluye promociones vigentes.,Descuento se efectuará al momento de pagar con CMR Visa y será de responsabilidad exclusiva del comercio. No acumulable con otras ofertas o promociones.,,Izumi Pilates Studio,www.izumipilates.cl,,,http://www.cmrfalabella.com/b2cfapr/CMRCORP/logica/jsp/CMRCORPFFLogin.jsp?PAGINA=CMRDeportes&PAIS=CL,http://www.cmrfalabella.com/b2cfapr/CMRCORP/grafica/imgs/CL/dep_izumi.jpg,http://www.cmrfalabella.com/b2cfapr/CMRCORP/logica/jsp/CMRCORPFFLogin.jsp?PAGINA=CMRdep_izumi&PAIS=CL&CLASS=7_11,20% Dcto. sobre total de la cuenta. Se Excluye promociones vigentes.,
Sadhana Yoga,"Rodrigo de Quiroga 2716, Vitacura.",,50% Dcto. en la Matricula. 20% Dcto. en el total de la mensualidad. Una clase gratis,Descuento se efectuará al momento de pagar con CMR Visa y será de responsabilidad exclusiva del comercio. No acumulable con otras ofertas o promociones.,,Sadhana Yoga,www.sadhanayoga.cl,,,http://www.cmrfalabella.com/b2cfapr/CMRCORP/logica/jsp/CMRCORPFFLogin.jsp?PAGINA=CMRDeportes&PAIS=CL,http://www.cmrfalabella.com/b2cfapr/CMRCORP/grafica/imgs/CL/dep_sadhana.jpg,http://www.cmrfalabella.com/b2cfapr/CMRCORP/logica/jsp/CMRCORPFFLogin.jsp?PAGINA=CMRdep_sadhana&PAIS=CL&CLASS=7_11,50% Dcto. en la Matricula. 20% Dcto. en el total de la mensualidad. Una clase gratis,
Energy,"Encomenderos 200, Las Condes.",,Lu - Vi: 06:30 a 23:30 hrs.  Sá y Festivos: 09:00 a 19:00 hrs. Do: 09:00 a 14:00 hrs,Descuento se efectuará al momento de pagar con CMR Visa y será de responsabilidad exclusiva del comercio. No acumulable con otras ofertas o promociones.,Las Condes (Encomenderos),Energy,www.energy.cl,,,http://www.cmrfalabella.com/b2cfapr/CMRCORP/logica/jsp/CMRCORPFFLogin.jsp?PAGINA=CMRDeportes&PAIS=CL,http://www.cmrfalabella.com/b2cfapr/CMRCORP/grafica/imgs/CL/dep_energy.jpg,http://www.cmrfalabella.com/b2cfapr/CMRCORP/logica/jsp/CMRCORPFFLogin.jsp?PAGINA=CMRdep_energy&PAIS=CL&CLASS=7_11,30% Dcto. en plan semestral prepago y activación. Matrícula gratis. Válido para personas que no hayan sido socios. Un solo plan por persona.,http://www.cmrfalabella.com/b2cfapr/CMRCORP/logica/jsp/CMRCORPFFLogin.jsp?PAGINA=CMRdep_energy2&PAIS=CL&CLASS=7_11
Energy,"Av. Padre Hurtado Sur 1621, Las Condes.",,Lu - Vi: 06:30 a 23:30 hrs.  Sá y Festivos: 09:00 a 19:00 hrs. Do: 09:00 a 14:00 hrs.,Descuento se efectuará al momento de pagar con CMR Visa y será de responsabilidad exclusiva del comercio. No acumulable con otras ofertas o promociones.,Las Condes,Energy,www.energy.cl,,,http://www.cmrfalabella.com/b2cfapr/CMRCORP/logica/jsp/CMRCORPFFLogin.jsp?PAGINA=CMRDeportes&PAIS=CL,http://www.cmrfalabella.com/b2cfapr/CMRCORP/grafica/imgs/CL/dep_energy.jpg,http://www.cmrfalabella.com/b2cfapr/CMRCORP/logica/jsp/CMRCORPFFLogin.jsp?PAGINA=CMRdep_energy&PAIS=CL&CLASS=7_11,30% Dcto. en plan semestral prepago y activación. Matrícula gratis. Válido para personas que no hayan sido socios. Un solo plan por persona.,http://www.cmrfalabella.com/b2cfapr/CMRCORP/logica/jsp/CMRCORPFFLogin.jsp?PAGINA=CMRdep_energy7&PAIS=CL&CLASS=7_11
Energy,"Av. Vitacura 4380, Vitacura.",,Lu - Vi: 06:30 a 23:30 hrs.  Sá y Festivos: 09:00 a 19:00 hrs. Do: 09:00 a 14:00 hrs,Descuento se efectuará al momento de pagar con CMR Visa y será de responsabilidad exclusiva del comercio. No acumulable con otras ofertas o promociones.,Vitacura,Energy,www.energy.cl,,,http://www.cmrfalabella.com/b2cfapr/CMRCORP/logica/jsp/CMRCORPFFLogin.jsp?PAGINA=CMRDeportes&PAIS=CL,http://www.cmrfalabella.com/b2cfapr/CMRCORP/grafica/imgs/CL/dep_energy.jpg,http://www.cmrfalabella.com/b2cfapr/CMRCORP/logica/jsp/CMRCORPFFLogin.jsp?PAGINA=CMRdep_energy&PAIS=CL&CLASS=7_11,30% Dcto. en plan semestral prepago y activación. Matrícula gratis. Válido para personas que no hayan sido socios. Un solo plan por persona.,http://www.cmrfalabella.com/b2cfapr/CMRCORP/logica/jsp/CMRCORPFFLogin.jsp?PAGINA=CMRdep_energy1&PAIS=CL&CLASS=7_11
Energy,"Echeñique 8490, La Reina",,Lu - Vi: 06:30 a 23:30 hrs.  Sá y Festivos: 09:00 a 19:00 hrs. Do: 09:00 a 14:00 hrs,Descuento se efectuará al momento de pagar con CMR Visa y será de responsabilidad exclusiva del comercio. No acumulable con otras ofertas o promociones.,La Reina,Energy,www.energy.cl,,,http://www.cmrfalabella.com/b2cfapr/CMRCORP/logica/jsp/CMRCORPFFLogin.jsp?PAGINA=CMRDeportes&PAIS=CL,http://www.cmrfalabella.com/b2cfapr/CMRCORP/grafica/imgs/CL/dep_energy.jpg,http://www.cmrfalabella.com/b2cfapr/CMRCORP/logica/jsp/CMRCORPFFLogin.jsp?PAGINA=CMRdep_energy&PAIS=CL&CLASS=7_11,30% Dcto. en plan semestral prepago y activación. Matrícula gratis. Válido para personas que no hayan sido socios. Un solo plan por persona.,http://www.cmrfalabella.com/b2cfapr/CMRCORP/logica/jsp/CMRCORPFFLogin.jsp?PAGINA=CMRdep_energy8&PAIS=CL&CLASS=7_11
Energy,"Av. Tobalaba 11761, Peñalolén.",,Lu - Vi: 06:30 a 23:30 hrs.  Sá y Festivos: 09:00 a 19:00 hrs. Do: 09:00 a 14:00 hrs,Descuento se efectuará al momento de pagar con CMR Visa y será de responsabilidad exclusiva del comercio. No acumulable con otras ofertas o promociones.,Peñalolén,Energy,www.energy.cl,,,http://www.cmrfalabella.com/b2cfapr/CMRCORP/logica/jsp/CMRCORPFFLogin.jsp?PAGINA=CMRDeportes&PAIS=CL,http://www.cmrfalabella.com/b2cfapr/CMRCORP/grafica/imgs/CL/dep_energy.jpg,http://www.cmrfalabella.com/b2cfapr/CMRCORP/logica/jsp/CMRCORPFFLogin.jsp?PAGINA=CMRdep_energy&PAIS=CL&CLASS=7_11,30% Dcto. en plan semestral prepago y activación. Matrícula gratis. Válido para personas que no hayan sido socios. Un solo plan por persona.,http://www.cmrfalabella.com/b2cfapr/CMRCORP/logica/jsp/CMRCORPFFLogin.jsp?PAGINA=CMRdep_energy3&PAIS=CL&CLASS=7_11
Academia Embrujo,"Ramon Carnicer 109, Providencia.",,20% descuento en cursos mensuales.  Matrícula Gratis. Excluye otras promociones,Descuento se efectuará al momento de pagar con CMR Visa y será de responsabilidad exclusiva del comercio. No acumulable con otras ofertas o promociones.,,Academia Embrujo,www.embrujo.cl,,,http://www.cmrfalabella.com/b2cfapr/CMRCORP/logica/jsp/CMRCORPFFLogin.jsp?PAGINA=CMRDeportes&PAIS=CL,http://www.cmrfalabella.com/b2cfapr/CMRCORP/grafica/imgs/CL/dep_embrujo.jpg,http://www.cmrfalabella.com/b2cfapr/CMRCORP/logica/jsp/CMRCORPFFLogin.jsp?PAGINA=CMRdep_embrujo&PAIS=CL&CLASS=7_11,20% descuento en cursos mensuales.  Matrícula Gratis. Excluye otras promociones,
Neosport,"Av. Consistorial 5310, Peñalolén.",,Lu-Vi: 6:30 a 22:00 hrs.  Sá: 9:00 a 16:00 hrs. Do y Festivos: 9:00 a 14:00 hrs.,Descuento se efectuará al momento de pagar con CMR Visa y será de responsabilidad exclusiva del comercio. No acumulable con otras ofertas o promociones.,,Neosport,www.neosport.cl,,,http://www.cmrfalabella.com/b2cfapr/CMRCORP/logica/jsp/CMRCORPFFLogin.jsp?PAGINA=CMRDeportes&PAIS=CL,http://www.cmrfalabella.com/b2cfapr/CMRCORP/grafica/imgs/CL/dep_neosport.jpg,http://www.cmrfalabella.com/b2cfapr/CMRCORP/logica/jsp/CMRCORPFFLogin.jsp?PAGINA=CMRdep_neosport&PAIS=CL&CLASS=7_11,25% descuento en plan trimestral  50% descuento en la matrícula.,
Aquamarina,La Dehesa 3372 Local 7 Paseo Los Nogales. Lo Barnechea.,,Lu - Vi 08:00 a 21.00 hrs.  Sá 09.00 a 14.00 hrs.,Descuento se efectuará al momento de pagar con CMR Visa y será de responsabilidad exclusiva del comercio. No acumulable con otras ofertas o promociones.,,Aquamarina,www.aquamarinaltda.cl,,,http://www.cmrfalabella.com/b2cfapr/CMRCORP/logica/jsp/CMRCORPFFLogin.jsp?PAGINA=CMRDeportes&PAIS=CL,http://www.cmrfalabella.com/b2cfapr/CMRCORP/grafica/imgs/CL/dep_aquamarina.jpg,http://www.cmrfalabella.com/b2cfapr/CMRCORP/logica/jsp/CMRCORPFFLogin.jsp?PAGINA=CMRdep_aquamarina&PAIS=CL&CLASS=7_11,"20% Dcto. en Power Plate. Excluye promociones, no acumulable.",
Club Vida Grande,"Av. Acueducto 2998, Peñalolen",,20% Dcto. sobre el valor de arriendo de cancha de tenis.,Descuento se efectuará al momento de pagar con CMR Visa y será de responsabilidad exclusiva del comercio. No acumulable con otras ofertas o promociones.,,Club Vida Grande,www.clubvidagrande.cl,,,http://www.cmrfalabella.com/b2cfapr/CMRCORP/logica/jsp/CMRCORPFFLogin.jsp?PAGINA=CMRDeportes&PAIS=CL,http://www.cmrfalabella.com/b2cfapr/CMRCORP/grafica/imgs/CL/dep_vidagrande.jpg,http://www.cmrfalabella.com/b2cfapr/CMRCORP/logica/jsp/CMRCORPFFLogin.jsp?PAGINA=CMRdep_vidagrande&PAIS=CL&CLASS=7_11,20% Dcto. sobre el valor de arriendo de cancha de tenis.,
Aerofisic,"Av. Walker Martínez 1786 local 11, La Florida",,Atención las 24 hrs. Horario Continuo.  abierto día y noche.,Descuento se efectuará al momento de pagar con CMR Visa y será de responsabilidad exclusiva del comercio. No acumulable con otras ofertas o promociones.,,Aerofisic,www.aerofisic.cl,,,http://www.cmrfalabella.com/b2cfapr/CMRCORP/logica/jsp/CMRCORPFFLogin.jsp?PAGINA=CMRDeportes&PAIS=CL,http://www.cmrfalabella.com/b2cfapr/CMRCORP/grafica/imgs/CL/dep_aerofisic.jpg,http://www.cmrfalabella.com/b2cfapr/CMRCORP/logica/jsp/CMRCORPFFLogin.jsp?PAGINA=CMRdep_aerofisic&PAIS=CL&CLASS=7_11,50% Dcto. en plan anual. 50% Dcto. en Matricula.,

