logo restaurant,comercio,direccion,horarios,especialidad,precio,otros,web,descripcion,beneficio url
http://www.clubdelectores.cl/fotos/2009/04/13/20090413_aqua.jpg,Acqua,"Av. Borgoño 23333, Concón. (32) 254 6400","Desayuno 6:30 a 10:30 hrs. Almuerzo 12:30 a 15:00 hrs. Cena 19:30 a 23:00 hrs.",Internacional,$36.000,,,"Beneficio válido sólo en estos restaurantes presentando tu tarjeta Club de Lectores de El Mercurio vigente y cédula de identidad. 25% de descuento pagando con tu tarjeta Club de Lectores American Express®, efectivo, cheque o tarjeta débito. 20% de descuento pagando con otras tarjetas de crédito. Descuento aplicable a un máximo de 8 personas por mesa desde el 2 de septiembre al 6 de octubre de 2012. Beneficio exento para promociones especiales, menús promocionales o happy hours, no incluye pedidos telefónicos, despachos a domicilio ni take out. Descuento no válido para días festivos.",http://www.clubdelectores.cl/gastronomia/gastronomia_restaurant_detalle.aspx?id_restaurant=70
http://www.clubdelectores.cl/fotos/2012/04/13/20120413_alfresco.JPG,Alfresco,Av Las Condes 7542,Lunes a sábado/almuerzo y cena. Domingo Almuerzo,Peruana,$32.000,,www.alfresco.cl,"Beneficio válido sólo en estos restaurantes presentando tu tarjeta Club de Lectores de El Mercurio vigente y cédula de identidad. 25% de descuento pagando con tu tarjeta Club de Lectores American Express®, efectivo, cheque o tarjeta débito. 20% de descuento pagando con otras tarjetas de crédito. Descuento aplicable a un máximo de 8 personas por mesa desde el 2 de septiembre al 6 de octubre de 2012. Beneficio exento para promociones especiales, menús promocionales o happy hours, no incluye pedidos telefónicos, despachos a domicilio ni take out. Descuento no válido para días festivos.",http://www.clubdelectores.cl/gastronomia/gastronomia_restaurant_detalle.aspx?id_restaurant=58
http://www.clubdelectores.cl/fotos/2012/05/07/20120507_alfresco.jpg,Alfresco Peruanísimo,"Loreto 509, Recoleta",,Peruana,$28.000,,www.peruanisimo.cl,"Beneficio válido sólo en estos restaurantes presentando tu tarjeta Club de Lectores de El Mercurio vigente y cédula de identidad. 25% de descuento pagando con tu tarjeta Club de Lectores American Express®, efectivo, cheque o tarjeta débito. 20% de descuento pagando con otras tarjetas de crédito. Descuento aplicable a un máximo de 8 personas por mesa desde el 2 de septiembre al 6 de octubre de 2012. Beneficio exento para promociones especiales, menús promocionales o happy hours, no incluye pedidos telefónicos, despachos a domicilio ni take out. Descuento no válido para días festivos.",http://www.clubdelectores.cl/gastronomia/gastronomia_restaurant_detalle.aspx?id_restaurant=2
http://www.clubdelectores.cl/fotos/2011/03/15/20110315_amaran1.jpg,Amaranto,Alameda 632 Santiago Centro,"De lunes a domingo, almuerzo y cena. Desde las 12:00 a 15:30 hrs. y 19:00 a 23:00 hrs.",De Autor,$24.000,,www.caesarbusiness.com,"Beneficio válido sólo en estos restaurantes presentando tu tarjeta Club de Lectores de El Mercurio vigente y cédula de identidad. 25% de descuento pagando con tu tarjeta Club de Lectores American Express®, efectivo, cheque o tarjeta débito. 20% de descuento pagando con otras tarjetas de crédito. Descuento aplicable a un máximo de 8 personas por mesa desde el 2 de septiembre al 6 de octubre de 2012. Beneficio exento para promociones especiales, menús promocionales o happy hours, no incluye pedidos telefónicos, despachos a domicilio ni take out. Descuento no válido para días festivos.",http://www.clubdelectores.cl/gastronomia/gastronomia_restaurant_detalle.aspx?id_restaurant=87
http://www.clubdelectores.cl/fotos/2009/04/13/20090413_ambrosia.jpg,Ambrosia,"Merced 838 A, Santiago Centro. (2)697 2023.",Lunes a Viernes hora de almuerzo,Internacional,$26.000,,www.ambrosia.cl,"Beneficio válido sólo en estos restaurantes presentando tu tarjeta Club de Lectores de El Mercurio vigente y cédula de identidad. 25% de descuento pagando con tu tarjeta Club de Lectores American Express®, efectivo, cheque o tarjeta débito. 20% de descuento pagando con otras tarjetas de crédito. Descuento aplicable a un máximo de 8 personas por mesa desde el 2 de septiembre al 6 de octubre de 2012. Beneficio exento para promociones especiales, menús promocionales o happy hours, no incluye pedidos telefónicos, despachos a domicilio ni take out. Descuento no válido para días festivos.",http://www.clubdelectores.cl/gastronomia/gastronomia_restaurant_detalle.aspx?id_restaurant=60
http://www.clubdelectores.cl/fotos/2010/08/02/20100802_apple.jpg,Applebee´s Cantagallo,"Av. Las condes 12340. (2) 9550404",Domingo a Jueves de 12:00 a 00 hrs. Viernes y Sábado de 12:00 a 01:00 hrs.,Americana,$19.000,,,"Beneficio válido sólo en estos restaurantes presentando tu tarjeta Club de Lectores de El Mercurio vigente y cédula de identidad. 25% de descuento pagando con tu tarjeta Club de Lectores American Express®, efectivo, cheque o tarjeta débito. 20% de descuento pagando con otras tarjetas de crédito. Descuento aplicable a un máximo de 8 personas por mesa desde el 2 de septiembre al 6 de octubre de 2012. Beneficio exento para promociones especiales, menús promocionales o happy hours, no incluye pedidos telefónicos, despachos a domicilio ni take out. Descuento no válido para días festivos.",http://www.clubdelectores.cl/gastronomia/gastronomia_restaurant_detalle.aspx?id_restaurant=92
http://www.clubdelectores.cl/fotos/2010/08/02/20100802_apple.jpg,Applebee´s Vitacura,"Av. Vitacura 6345. (2)247 8817",Domingo a Jueves de 12:00 a 00 hrs. Viernes y Sábado de 12:00 a 01:00 hrs.,Americana,$19.000,,,"Beneficio válido sólo en estos restaurantes presentando tu tarjeta Club de Lectores de El Mercurio vigente y cédula de identidad. 25% de descuento pagando con tu tarjeta Club de Lectores American Express®, efectivo, cheque o tarjeta débito. 20% de descuento pagando con otras tarjetas de crédito. Descuento aplicable a un máximo de 8 personas por mesa desde el 2 de septiembre al 6 de octubre de 2012. Beneficio exento para promociones especiales, menús promocionales o happy hours, no incluye pedidos telefónicos, despachos a domicilio ni take out. Descuento no válido para días festivos.",http://www.clubdelectores.cl/gastronomia/gastronomia_restaurant_detalle.aspx?id_restaurant=93
http://www.clubdelectores.cl/fotos/2010/12/29/20101229_kennedy.jpg,Aquarium,"Av. Kennedy 4570. (2)290 8100 y (2)290 8125",Desayuno 06:30 ? 10:30 hrs. / Almuerzo 12:30 ? 16:00 hrs/Cena 19:00 ? 24:00 hrs,Internacional,$39.000,"""Carta del Conductor"". Es una variada oferta de deliciosos y sorprendentes cócteles sin alcohol, preparadas especialmente para el que maneja. En las tardes Bar Brandy ofrece un Happy Hour que ya es un hit en Santiago , ideal para después del trabajo e incluso para reuniones y juntas de negocio",www.hotelkennedy.cl,"Beneficio válido sólo en estos restaurantes presentando tu tarjeta Club de Lectores de El Mercurio vigente y cédula de identidad. 25% de descuento pagando con tu tarjeta Club de Lectores American Express®, efectivo, cheque o tarjeta débito. 20% de descuento pagando con otras tarjetas de crédito. Descuento aplicable a un máximo de 8 personas por mesa desde el 2 de septiembre al 6 de octubre de 2012. Beneficio exento para promociones especiales, menús promocionales o happy hours, no incluye pedidos telefónicos, despachos a domicilio ni take out. Descuento no válido para días festivos.",http://www.clubdelectores.cl/gastronomia/gastronomia_restaurant_detalle.aspx?id_restaurant=34
http://www.clubdelectores.cl/fotos/2012/08/30/20120830_artaban.jpg,Artabán,Cerro el plomo 5630 local 201-202,,,"Almuerzo $30.000, After office $24.000.","25% descuento. Teléfono: 02-2420783.",,"Beneficio válido sólo en estos restaurantes presentando tu tarjeta Club de Lectores de El Mercurio vigente y cédula de identidad. 25% de descuento pagando con tu tarjeta Club de Lectores American Express®, efectivo, cheque o tarjeta débito. 20% de descuento pagando con otras tarjetas de crédito. Descuento aplicable a un máximo de 8 personas por mesa desde el 2 de septiembre al 6 de octubre de 2012. Beneficio exento para promociones especiales, menús promocionales o happy hours, no incluye pedidos telefónicos, despachos a domicilio ni take out. Descuento no válido para días festivos.",http://www.clubdelectores.cl/gastronomia/gastronomia_restaurant_detalle.aspx?id_restaurant=202
http://www.clubdelectores.cl/fotos/2012/06/06/20120606_asi.jpg,Asian,"Monseñor Escrivá de Balaguer 6400, L5, BordeRío. Fono: (2) 219 2014",,China,$35.000,,,"Beneficio válido sólo en estos restaurantes presentando tu tarjeta Club de Lectores de El Mercurio vigente y cédula de identidad. 25% de descuento pagando con tu tarjeta Club de Lectores American Express®, efectivo, cheque o tarjeta débito. 20% de descuento pagando con otras tarjetas de crédito. Descuento aplicable a un máximo de 8 personas por mesa desde el 2 de septiembre al 6 de octubre de 2012. Beneficio exento para promociones especiales, menús promocionales o happy hours, no incluye pedidos telefónicos, despachos a domicilio ni take out. Descuento no válido para días festivos.",http://www.clubdelectores.cl/gastronomia/gastronomia_restaurant_detalle.aspx?id_restaurant=195
http://www.clubdelectores.cl/fotos/2009/04/09/20090409_azul-profundo.jpg,Azul Profundo,"Constitución 111, Bellavista Providencia. (2) 738 0288",Lunes a domingo almuerzo y cena.,Pescados y Mariscos,$32.000,,,"Beneficio válido sólo en estos restaurantes presentando tu tarjeta Club de Lectores de El Mercurio vigente y cédula de identidad. 25% de descuento pagando con tu tarjeta Club de Lectores American Express®, efectivo, cheque o tarjeta débito. 20% de descuento pagando con otras tarjetas de crédito. Descuento aplicable a un máximo de 8 personas por mesa desde el 2 de septiembre al 6 de octubre de 2012. Beneficio exento para promociones especiales, menús promocionales o happy hours, no incluye pedidos telefónicos, despachos a domicilio ni take out. Descuento no válido para días festivos.",http://www.clubdelectores.cl/gastronomia/gastronomia_restaurant_detalle.aspx?id_restaurant=54
http://www.clubdelectores.cl/fotos/2011/07/04/20110704_bas1.jpg,Basílico Bistró,"Av. Nueva Costanera 3832, Local 2, Vitacura. (2) 228 9084","De lunes a sábado horario continuado. Domingo, sólo almuerzo.",Mediterráneo,$32.000,,www.basilicobistro.cl,"Beneficio válido sólo en estos restaurantes presentando tu tarjeta Club de Lectores de El Mercurio vigente y cédula de identidad. 25% de descuento pagando con tu tarjeta Club de Lectores American Express®, efectivo, cheque o tarjeta débito. 20% de descuento pagando con otras tarjetas de crédito. Descuento aplicable a un máximo de 8 personas por mesa desde el 2 de septiembre al 6 de octubre de 2012. Beneficio exento para promociones especiales, menús promocionales o happy hours, no incluye pedidos telefónicos, despachos a domicilio ni take out. Descuento no válido para días festivos.",http://www.clubdelectores.cl/gastronomia/gastronomia_restaurant_detalle.aspx?id_restaurant=117
http://www.clubdelectores.cl/fotos/2012/03/07/20120307_borderio.jpg,BORDERÍO,Av. José María Escrivá de Balaguer,"Lunes a domingo, excepto festivos.",,,"Almuerza y cena con hasta un 25% de descuento en todos los restaurantes de Borderío por todo el mes de septiembre de 2012. Beneficio exclusivo para socios de Club de Lectores de El Mercurio.",www.borderio.cl,"Beneficio válido sólo en estos restaurantes presentando tu tarjeta Club de Lectores de El Mercurio vigente y cédula de identidad. 25% de descuento pagando con tu tarjeta Club de Lectores American Express®, efectivo, cheque o tarjeta débito. 20% de descuento pagando con otras tarjetas de crédito. Descuento aplicable a un máximo de 8 personas por mesa desde el 2 de septiembre al 6 de octubre de 2012. Beneficio exento para promociones especiales, menús promocionales o happy hours, no incluye pedidos telefónicos, despachos a domicilio ni take out. Descuento no válido para días festivos.",http://www.clubdelectores.cl/gastronomia/gastronomia_restaurant_detalle.aspx?id_restaurant=187
http://www.clubdelectores.cl/fotos/2010/09/03/20100903_botesalva.jpg,Bote Salvavidas,"Muelle Prat s/n, Piso 2. (32) 225 1477",,Pescados y Mariscos,$30.000,,www.restaurantbotesalvavidas.cl/,"Beneficio válido sólo en estos restaurantes presentando tu tarjeta Club de Lectores de El Mercurio vigente y cédula de identidad. 25% de descuento pagando con tu tarjeta Club de Lectores American Express®, efectivo, cheque o tarjeta débito. 20% de descuento pagando con otras tarjetas de crédito. Descuento aplicable a un máximo de 8 personas por mesa desde el 2 de septiembre al 6 de octubre de 2012. Beneficio exento para promociones especiales, menús promocionales o happy hours, no incluye pedidos telefónicos, despachos a domicilio ni take out. Descuento no válido para días festivos.",http://www.clubdelectores.cl/gastronomia/gastronomia_restaurant_detalle.aspx?id_restaurant=124
http://www.clubdelectores.cl/fotos/2009/04/08/20090408_brick-r.jpg,Brick,"Av. Vitacura 2610, Las Condes. (2) 923 1246","Desayuno 6:30 a 10:30 hrs. Almuerzo 12:30 a 15:30 hrs. Cena 19:00 a 23:00 hrs",Francesa,$32.000,,,"Beneficio válido sólo en estos restaurantes presentando tu tarjeta Club de Lectores de El Mercurio vigente y cédula de identidad. 25% de descuento pagando con tu tarjeta Club de Lectores American Express®, efectivo, cheque o tarjeta débito. 20% de descuento pagando con otras tarjetas de crédito. Descuento aplicable a un máximo de 8 personas por mesa desde el 2 de septiembre al 6 de octubre de 2012. Beneficio exento para promociones especiales, menús promocionales o happy hours, no incluye pedidos telefónicos, despachos a domicilio ni take out. Descuento no válido para días festivos.",http://www.clubdelectores.cl/gastronomia/gastronomia_restaurant_detalle.aspx?id_restaurant=35
http://www.clubdelectores.cl/fotos/2012/04/13/20120413_brick,Brick Iquique,"Av. Arturo Prat 3939, Iquique. (57) 242 500",Desayuno 5:30 a 10:30 hrs. / Almuerzo 12:30 a 15:30 hrs. / Cena 19:00 a 23:00 hrs.,Internacional,$35.000,,,"Beneficio válido sólo en estos restaurantes presentando tu tarjeta Club de Lectores de El Mercurio vigente y cédula de identidad. 25% de descuento pagando con tu tarjeta Club de Lectores American Express®, efectivo, cheque o tarjeta débito. 20% de descuento pagando con otras tarjetas de crédito. Descuento aplicable a un máximo de 8 personas por mesa desde el 2 de septiembre al 6 de octubre de 2012. Beneficio exento para promociones especiales, menús promocionales o happy hours, no incluye pedidos telefónicos, despachos a domicilio ni take out. Descuento no válido para días festivos.",http://www.clubdelectores.cl/gastronomia/gastronomia_restaurant_detalle.aspx?id_restaurant=68
http://www.clubdelectores.cl/fotos/2009/05/28/20090528_brick,Brick Antofagasta,"Av. Ejército 01151, Antofagasta. (55) 350 400",Desayuno 6:30 a 10:30 hrs. / Almuerzo 12:30 a 15:30 hrs. / Cena 19:00 a 23:00 hrs.,Internacional,$35.000,,,"Beneficio válido sólo en estos restaurantes presentando tu tarjeta Club de Lectores de El Mercurio vigente y cédula de identidad. 25% de descuento pagando con tu tarjeta Club de Lectores American Express®, efectivo, cheque o tarjeta débito. 20% de descuento pagando con otras tarjetas de crédito. Descuento aplicable a un máximo de 8 personas por mesa desde el 2 de septiembre al 6 de octubre de 2012. Beneficio exento para promociones especiales, menús promocionales o happy hours, no incluye pedidos telefónicos, despachos a domicilio ni take out. Descuento no válido para días festivos.",http://www.clubdelectores.cl/gastronomia/gastronomia_restaurant_detalle.aspx?id_restaurant=69
http://www.clubdelectores.cl/fotos/2011/08/08/20110808_brissa.jpg,BRISA,"Av. del Mar 1000, La Serena. Tel: (51) 221 262.",,Internacional,$20.000,,www.clublaserena.com,"Beneficio válido sólo en estos restaurantes presentando tu tarjeta Club de Lectores de El Mercurio vigente y cédula de identidad. 25% de descuento pagando con tu tarjeta Club de Lectores American Express®, efectivo, cheque o tarjeta débito. 20% de descuento pagando con otras tarjetas de crédito. Descuento aplicable a un máximo de 8 personas por mesa desde el 2 de septiembre al 6 de octubre de 2012. Beneficio exento para promociones especiales, menús promocionales o happy hours, no incluye pedidos telefónicos, despachos a domicilio ni take out. Descuento no válido para días festivos.",http://www.clubdelectores.cl/gastronomia/gastronomia_restaurant_detalle.aspx?id_restaurant=173
http://www.clubdelectores.cl/fotos/2012/03/30/20120330_burguers.jpg,BURGERS BEERS AND BOARDS,"Av. Las Condes 13451, local L 102.",,,$15.000,,,"Beneficio válido sólo en estos restaurantes presentando tu tarjeta Club de Lectores de El Mercurio vigente y cédula de identidad. 25% de descuento pagando con tu tarjeta Club de Lectores American Express®, efectivo, cheque o tarjeta débito. 20% de descuento pagando con otras tarjetas de crédito. Descuento aplicable a un máximo de 8 personas por mesa desde el 2 de septiembre al 6 de octubre de 2012. Beneficio exento para promociones especiales, menús promocionales o happy hours, no incluye pedidos telefónicos, despachos a domicilio ni take out. Descuento no válido para días festivos.",http://www.clubdelectores.cl/gastronomia/gastronomia_restaurant_detalle.aspx?id_restaurant=190
http://www.clubdelectores.cl/fotos/2009/04/04/20090404_camino-real.jpg,Camino Real Enoteca,"Enoteca del Cerro San Cristóbal (acceso por Pedro de Valdivia Norte), Providencia. (2) 232 3381",Almuerzo: 12.30hrs a 16.30hrs. Comida: 20.00hrs. a 23.30hrs,Internacional,$38.000,,,"Beneficio válido sólo en estos restaurantes presentando tu tarjeta Club de Lectores de El Mercurio vigente y cédula de identidad. 25% de descuento pagando con tu tarjeta Club de Lectores American Express®, efectivo, cheque o tarjeta débito. 20% de descuento pagando con otras tarjetas de crédito. Descuento aplicable a un máximo de 8 personas por mesa desde el 2 de septiembre al 6 de octubre de 2012. Beneficio exento para promociones especiales, menús promocionales o happy hours, no incluye pedidos telefónicos, despachos a domicilio ni take out. Descuento no válido para días festivos.",http://www.clubdelectores.cl/gastronomia/gastronomia_restaurant_detalle.aspx?id_restaurant=39
http://www.clubdelectores.cl/fotos/2009/04/08/20090408_caprese.jpg,Caprese Mirador del Alto,"Av. Presidente Kennedy 9001, Mirador del Alto, Mall Alto Las Condes, Las Condes. (2) 954 1335",Domingo a jueves 12:30 a 23:30. Viernes-sábados: 12:30 a 00:30.,Italiana,$17.500,,http://www.restaurantcaprese.cl/,"Beneficio válido sólo en estos restaurantes presentando tu tarjeta Club de Lectores de El Mercurio vigente y cédula de identidad. 25% de descuento pagando con tu tarjeta Club de Lectores American Express®, efectivo, cheque o tarjeta débito. 20% de descuento pagando con otras tarjetas de crédito. Descuento aplicable a un máximo de 8 personas por mesa desde el 2 de septiembre al 6 de octubre de 2012. Beneficio exento para promociones especiales, menús promocionales o happy hours, no incluye pedidos telefónicos, despachos a domicilio ni take out. Descuento no válido para días festivos.",http://www.clubdelectores.cl/gastronomia/gastronomia_restaurant_detalle.aspx?id_restaurant=3
http://www.clubdelectores.cl/fotos/2010/06/10/20100610_coco.jpg,COCO LOCO,"Av. El Bosque Norte 0215, Las Condes. (2) 233 8930, (2) 231 3082",,Pescados y Mariscos,$32.000,,,"Beneficio válido sólo en estos restaurantes presentando tu tarjeta Club de Lectores de El Mercurio vigente y cédula de identidad. 25% de descuento pagando con tu tarjeta Club de Lectores American Express®, efectivo, cheque o tarjeta débito. 20% de descuento pagando con otras tarjetas de crédito. Descuento aplicable a un máximo de 8 personas por mesa desde el 2 de septiembre al 6 de octubre de 2012. Beneficio exento para promociones especiales, menús promocionales o happy hours, no incluye pedidos telefónicos, despachos a domicilio ni take out. Descuento no válido para días festivos.",http://www.clubdelectores.cl/gastronomia/gastronomia_restaurant_detalle.aspx?id_restaurant=114
http://www.clubdelectores.cl/fotos/2010/09/03/20100903_colombina.jpg,Colombina Restaurant,"Paseo Yugoslavo, Pasaje Apolo 77 - 91, Cerro Alegre, Valparaíso. (32) 223 6254",,Internacional,$ 24.000,,,"Beneficio válido sólo en estos restaurantes presentando tu tarjeta Club de Lectores de El Mercurio vigente y cédula de identidad. 25% de descuento pagando con tu tarjeta Club de Lectores American Express®, efectivo, cheque o tarjeta débito. 20% de descuento pagando con otras tarjetas de crédito. Descuento aplicable a un máximo de 8 personas por mesa desde el 2 de septiembre al 6 de octubre de 2012. Beneficio exento para promociones especiales, menús promocionales o happy hours, no incluye pedidos telefónicos, despachos a domicilio ni take out. Descuento no válido para días festivos.",http://www.clubdelectores.cl/gastronomia/gastronomia_restaurant_detalle.aspx?id_restaurant=110
http://www.clubdelectores.cl/fotos/2011/09/07/20110907_comandary.jpg,Comandary,Antonia López de Bello 178. Reservas al 732 5294 www.comandary.cl,Lunes a domingo de 12 a 16 hrs. De martes a sábado de 19 a 1 am.,Chilena,$20.000,,,"Beneficio válido sólo en estos restaurantes presentando tu tarjeta Club de Lectores de El Mercurio vigente y cédula de identidad. 25% de descuento pagando con tu tarjeta Club de Lectores American Express®, efectivo, cheque o tarjeta débito. 20% de descuento pagando con otras tarjetas de crédito. Descuento aplicable a un máximo de 8 personas por mesa desde el 2 de septiembre al 6 de octubre de 2012. Beneficio exento para promociones especiales, menús promocionales o happy hours, no incluye pedidos telefónicos, despachos a domicilio ni take out. Descuento no válido para días festivos.",http://www.clubdelectores.cl/gastronomia/gastronomia_restaurant_detalle.aspx?id_restaurant=174
http://www.clubdelectores.cl/fotos/2011/10/28/20111028_1a.jpg,Cozzinate,"Gerónimo de Alderete 1380, Vitacura (2) 982 9952",,Italiana,$ 17.000,,,"Beneficio válido sólo en estos restaurantes presentando tu tarjeta Club de Lectores de El Mercurio vigente y cédula de identidad. 25% de descuento pagando con tu tarjeta Club de Lectores American Express®, efectivo, cheque o tarjeta débito. 20% de descuento pagando con otras tarjetas de crédito. Descuento aplicable a un máximo de 8 personas por mesa desde el 2 de septiembre al 6 de octubre de 2012. Beneficio exento para promociones especiales, menús promocionales o happy hours, no incluye pedidos telefónicos, despachos a domicilio ni take out. Descuento no válido para días festivos.",http://www.clubdelectores.cl/gastronomia/gastronomia_restaurant_detalle.aspx?id_restaurant=168
http://www.clubdelectores.cl/fotos/2010/09/03/20100903_40sillas.jpg,Cuarenta Sillas,"Lientur 905, Barrio Condell, Concepción. (41) 319 5109 y (6) 620 8714",,De Autor,$20.000,,,"Beneficio válido sólo en estos restaurantes presentando tu tarjeta Club de Lectores de El Mercurio vigente y cédula de identidad. 25% de descuento pagando con tu tarjeta Club de Lectores American Express®, efectivo, cheque o tarjeta débito. 20% de descuento pagando con otras tarjetas de crédito. Descuento aplicable a un máximo de 8 personas por mesa desde el 2 de septiembre al 6 de octubre de 2012. Beneficio exento para promociones especiales, menús promocionales o happy hours, no incluye pedidos telefónicos, despachos a domicilio ni take out. Descuento no válido para días festivos.",http://www.clubdelectores.cl/gastronomia/gastronomia_restaurant_detalle.aspx?id_restaurant=137
http://www.clubdelectores.cl/fotos/2012/04/13/20120413_danubio.jpg,Danubio Azul,"Reyes Lavalle 3240. (2) 234 4688","Lunes a domingo, almuerzo y cena",China,$30.000,,www.danubioazul.cl,"Beneficio válido sólo en estos restaurantes presentando tu tarjeta Club de Lectores de El Mercurio vigente y cédula de identidad. 25% de descuento pagando con tu tarjeta Club de Lectores American Express®, efectivo, cheque o tarjeta débito. 20% de descuento pagando con otras tarjetas de crédito. Descuento aplicable a un máximo de 8 personas por mesa desde el 2 de septiembre al 6 de octubre de 2012. Beneficio exento para promociones especiales, menús promocionales o happy hours, no incluye pedidos telefónicos, despachos a domicilio ni take out. Descuento no válido para días festivos.",http://www.clubdelectores.cl/gastronomia/gastronomia_restaurant_detalle.aspx?id_restaurant=9
http://www.clubdelectores.cl/fotos/2012/02/27/20120227_can1.jpg,DE CANGREJO A CONEJO,Urbano la Dehesa,hasta el 31 de marzo,,30.000,"25% dcto. en el total de tu cuenta, pagando con tu tarjeta Club de Lectores American Express,. 20% dcto. cheque, efectivo y tarjeta de débito Con otras tarjetas de crédito.",,"Beneficio válido sólo en estos restaurantes presentando tu tarjeta Club de Lectores de El Mercurio vigente y cédula de identidad. 25% de descuento pagando con tu tarjeta Club de Lectores American Express®, efectivo, cheque o tarjeta débito. 20% de descuento pagando con otras tarjetas de crédito. Descuento aplicable a un máximo de 8 personas por mesa desde el 2 de septiembre al 6 de octubre de 2012. Beneficio exento para promociones especiales, menús promocionales o happy hours, no incluye pedidos telefónicos, despachos a domicilio ni take out. Descuento no válido para días festivos.",http://www.clubdelectores.cl/gastronomia/gastronomia_restaurant_detalle.aspx?id_restaurant=185
http://www.clubdelectores.cl/fotos/2011/10/28/20111028_1b.jpg,Del Carajo,"Hipódromo de Chile 1570, Independencia, (2) 732 7632.",,Peruana,$ 27.000,,http://www.delcarajo.cl/,"Beneficio válido sólo en estos restaurantes presentando tu tarjeta Club de Lectores de El Mercurio vigente y cédula de identidad. 25% de descuento pagando con tu tarjeta Club de Lectores American Express®, efectivo, cheque o tarjeta débito. 20% de descuento pagando con otras tarjetas de crédito. Descuento aplicable a un máximo de 8 personas por mesa desde el 2 de septiembre al 6 de octubre de 2012. Beneficio exento para promociones especiales, menús promocionales o happy hours, no incluye pedidos telefónicos, despachos a domicilio ni take out. Descuento no válido para días festivos.",http://www.clubdelectores.cl/gastronomia/gastronomia_restaurant_detalle.aspx?id_restaurant=180
http://www.clubdelectores.cl/fotos/2011/10/12/20111012_landeo.jpg,Donde Landeo,José Manuel Infante 1020,,Peruana,$ 20.000,,www.dondelandeo.cl,"Beneficio válido sólo en estos restaurantes presentando tu tarjeta Club de Lectores de El Mercurio vigente y cédula de identidad. 25% de descuento pagando con tu tarjeta Club de Lectores American Express®, efectivo, cheque o tarjeta débito. 20% de descuento pagando con otras tarjetas de crédito. Descuento aplicable a un máximo de 8 personas por mesa desde el 2 de septiembre al 6 de octubre de 2012. Beneficio exento para promociones especiales, menús promocionales o happy hours, no incluye pedidos telefónicos, despachos a domicilio ni take out. Descuento no válido para días festivos.",http://www.clubdelectores.cl/gastronomia/gastronomia_restaurant_detalle.aspx?id_restaurant=181
http://www.clubdelectores.cl/fotos/2009/04/04/20090404_el-apero.jpg,El Apero,"Monseñor Escrivá de Balaguer 6400, Local 3, Vitacura. (2) 218 0110",Lunes a domingo almuerzo y cena.,Chilena,$28.000,,,"Beneficio válido sólo en estos restaurantes presentando tu tarjeta Club de Lectores de El Mercurio vigente y cédula de identidad. 25% de descuento pagando con tu tarjeta Club de Lectores American Express®, efectivo, cheque o tarjeta débito. 20% de descuento pagando con otras tarjetas de crédito. Descuento aplicable a un máximo de 8 personas por mesa desde el 2 de septiembre al 6 de octubre de 2012. Beneficio exento para promociones especiales, menús promocionales o happy hours, no incluye pedidos telefónicos, despachos a domicilio ni take out. Descuento no válido para días festivos.",http://www.clubdelectores.cl/gastronomia/gastronomia_restaurant_detalle.aspx?id_restaurant=21
http://www.clubdelectores.cl/fotos/2010/03/05/20100305_chalan.jpg,El Chalan,"Manuel Montt 1616. (2) 204 0989",,Peruana,$30.000,Ven a disfrutar de un momento entretenido en el conocido restaurante peruano ?El Chalán? junto a la mejor gastronomía del país vecino y para quienes asistan los días viernes desde las 21:30 hasta las 23.00 hrs. podrán asombrarse con las maravillas del Mago Rodrigo Ponce quien irá mesa por mesa reali,,"Beneficio válido sólo en estos restaurantes presentando tu tarjeta Club de Lectores de El Mercurio vigente y cédula de identidad. 25% de descuento pagando con tu tarjeta Club de Lectores American Express®, efectivo, cheque o tarjeta débito. 20% de descuento pagando con otras tarjetas de crédito. Descuento aplicable a un máximo de 8 personas por mesa desde el 2 de septiembre al 6 de octubre de 2012. Beneficio exento para promociones especiales, menús promocionales o happy hours, no incluye pedidos telefónicos, despachos a domicilio ni take out. Descuento no válido para días festivos.",http://www.clubdelectores.cl/gastronomia/gastronomia_restaurant_detalle.aspx?id_restaurant=115
http://www.clubdelectores.cl/fotos/2011/10/28/20111028_1c.jpg,El Huerto,"Orrego Luco Norte 054 (2) 233 2690",Horario: Lunes a sábado horario continuado / domingo sólo almuerzos,Chilena,$20.000,,www.elhuerto.cl,"Beneficio válido sólo en estos restaurantes presentando tu tarjeta Club de Lectores de El Mercurio vigente y cédula de identidad. 25% de descuento pagando con tu tarjeta Club de Lectores American Express®, efectivo, cheque o tarjeta débito. 20% de descuento pagando con otras tarjetas de crédito. Descuento aplicable a un máximo de 8 personas por mesa desde el 2 de septiembre al 6 de octubre de 2012. Beneficio exento para promociones especiales, menús promocionales o happy hours, no incluye pedidos telefónicos, despachos a domicilio ni take out. Descuento no válido para días festivos.",http://www.clubdelectores.cl/gastronomia/gastronomia_restaurant_detalle.aspx?id_restaurant=41
http://www.clubdelectores.cl/fotos/2011/08/08/20110808_puertocallao.jpg,El Otro Puerto Callao,"Av. Vitacura 8151, Vitacura. Tel: 224 5477",,Peruana,$35.000,,www.elotropuertocallao.cl,"Beneficio válido sólo en estos restaurantes presentando tu tarjeta Club de Lectores de El Mercurio vigente y cédula de identidad. 25% de descuento pagando con tu tarjeta Club de Lectores American Express®, efectivo, cheque o tarjeta débito. 20% de descuento pagando con otras tarjetas de crédito. Descuento aplicable a un máximo de 8 personas por mesa desde el 2 de septiembre al 6 de octubre de 2012. Beneficio exento para promociones especiales, menús promocionales o happy hours, no incluye pedidos telefónicos, despachos a domicilio ni take out. Descuento no válido para días festivos.",http://www.clubdelectores.cl/gastronomia/gastronomia_restaurant_detalle.aspx?id_restaurant=171
http://www.clubdelectores.cl/fotos/2011/10/27/20111027_elotrositio.jpg,El Otro Sitio,"Antonia López de Bello 53, Bellavista. (2) 777 3059","Lunes a domingo, almuerzo y cena",Peruana,$35.000,,www.elotrositio.cl,"Beneficio válido sólo en estos restaurantes presentando tu tarjeta Club de Lectores de El Mercurio vigente y cédula de identidad. 25% de descuento pagando con tu tarjeta Club de Lectores American Express®, efectivo, cheque o tarjeta débito. 20% de descuento pagando con otras tarjetas de crédito. Descuento aplicable a un máximo de 8 personas por mesa desde el 2 de septiembre al 6 de octubre de 2012. Beneficio exento para promociones especiales, menús promocionales o happy hours, no incluye pedidos telefónicos, despachos a domicilio ni take out. Descuento no válido para días festivos.",http://www.clubdelectores.cl/gastronomia/gastronomia_restaurant_detalle.aspx?id_restaurant=55
http://www.clubdelectores.cl/fotos/2011/03/16/20110316_elcuadro.jpg,Estancia El Cuadro,"Camino La Vinilla Km 14, Casablanca, (32)215 6817",,Chilena,$44.000,,,"Beneficio válido sólo en estos restaurantes presentando tu tarjeta Club de Lectores de El Mercurio vigente y cédula de identidad. 25% de descuento pagando con tu tarjeta Club de Lectores American Express®, efectivo, cheque o tarjeta débito. 20% de descuento pagando con otras tarjetas de crédito. Descuento aplicable a un máximo de 8 personas por mesa desde el 2 de septiembre al 6 de octubre de 2012. Beneficio exento para promociones especiales, menús promocionales o happy hours, no incluye pedidos telefónicos, despachos a domicilio ni take out. Descuento no válido para días festivos.",http://www.clubdelectores.cl/gastronomia/gastronomia_restaurant_detalle.aspx?id_restaurant=160
http://www.clubdelectores.cl/fotos/2011/07/11/20110711_fogongaucho.jpg,Fogón del Gaucho,"Av. El Bosque Sur 107, Providencia (2) 3349549",,Carnes,$22.000,,,"Beneficio válido sólo en estos restaurantes presentando tu tarjeta Club de Lectores de El Mercurio vigente y cédula de identidad. 25% de descuento pagando con tu tarjeta Club de Lectores American Express®, efectivo, cheque o tarjeta débito. 20% de descuento pagando con otras tarjetas de crédito. Descuento aplicable a un máximo de 8 personas por mesa desde el 2 de septiembre al 6 de octubre de 2012. Beneficio exento para promociones especiales, menús promocionales o happy hours, no incluye pedidos telefónicos, despachos a domicilio ni take out. Descuento no válido para días festivos.",http://www.clubdelectores.cl/gastronomia/gastronomia_restaurant_detalle.aspx?id_restaurant=169
http://www.clubdelectores.cl/fotos/2009/12/11/20091211_granmuseo2.jpg,Gran Museo Perú Fusión,"Lo gallo 1766. (2) 2029061",Domingo sólo almuerzo.,Peruana,$25.000,,www.granmuseo.cl,"Beneficio válido sólo en estos restaurantes presentando tu tarjeta Club de Lectores de El Mercurio vigente y cédula de identidad. 25% de descuento pagando con tu tarjeta Club de Lectores American Express®, efectivo, cheque o tarjeta débito. 20% de descuento pagando con otras tarjetas de crédito. Descuento aplicable a un máximo de 8 personas por mesa desde el 2 de septiembre al 6 de octubre de 2012. Beneficio exento para promociones especiales, menús promocionales o happy hours, no incluye pedidos telefónicos, despachos a domicilio ni take out. Descuento no válido para días festivos.",http://www.clubdelectores.cl/gastronomia/gastronomia_restaurant_detalle.aspx?id_restaurant=95
http://www.clubdelectores.cl/fotos/2009/04/09/20090409_guria.jpg,Guria,"Manuel Montt 1599. (2) 474 6605.",Martes a sábado almuerzo y cena / domingo sólo almuerzo,Española,$26.000,,www.guria.cl,"Beneficio válido sólo en estos restaurantes presentando tu tarjeta Club de Lectores de El Mercurio vigente y cédula de identidad. 25% de descuento pagando con tu tarjeta Club de Lectores American Express®, efectivo, cheque o tarjeta débito. 20% de descuento pagando con otras tarjetas de crédito. Descuento aplicable a un máximo de 8 personas por mesa desde el 2 de septiembre al 6 de octubre de 2012. Beneficio exento para promociones especiales, menús promocionales o happy hours, no incluye pedidos telefónicos, despachos a domicilio ni take out. Descuento no válido para días festivos.",http://www.clubdelectores.cl/gastronomia/gastronomia_restaurant_detalle.aspx?id_restaurant=44
http://www.clubdelectores.cl/fotos/2011/01/25/20110125_antu1.jpg,Hotel Antumalal,"Km 2, Camino Pucón ? Villarrica, Pucón. (45) 441 011","Lunes a Domingo continuado desayuno, almuerzo y cena",De Autor,$36.000,,www.antumalal.com,"Beneficio válido sólo en estos restaurantes presentando tu tarjeta Club de Lectores de El Mercurio vigente y cédula de identidad. 25% de descuento pagando con tu tarjeta Club de Lectores American Express®, efectivo, cheque o tarjeta débito. 20% de descuento pagando con otras tarjetas de crédito. Descuento aplicable a un máximo de 8 personas por mesa desde el 2 de septiembre al 6 de octubre de 2012. Beneficio exento para promociones especiales, menús promocionales o happy hours, no incluye pedidos telefónicos, despachos a domicilio ni take out. Descuento no válido para días festivos.",http://www.clubdelectores.cl/gastronomia/gastronomia_restaurant_detalle.aspx?id_restaurant=101
http://www.clubdelectores.cl/fotos/2009/04/04/20090404_ibis.jpg,Ibis de Pto. Varas,"Monseñor Escrivá de Balaguer 6400 , L4",Lunes a domingo/Almuerzo de 12:30 hrs a 16:00 hrs /Cena de 19:30 hrs a 24:00 hrs,Internacional,$30.000,,,"Beneficio válido sólo en estos restaurantes presentando tu tarjeta Club de Lectores de El Mercurio vigente y cédula de identidad. 25% de descuento pagando con tu tarjeta Club de Lectores American Express®, efectivo, cheque o tarjeta débito. 20% de descuento pagando con otras tarjetas de crédito. Descuento aplicable a un máximo de 8 personas por mesa desde el 2 de septiembre al 6 de octubre de 2012. Beneficio exento para promociones especiales, menús promocionales o happy hours, no incluye pedidos telefónicos, despachos a domicilio ni take out. Descuento no válido para días festivos.",http://www.clubdelectores.cl/gastronomia/gastronomia_restaurant_detalle.aspx?id_restaurant=25
http://www.clubdelectores.cl/fotos/2012/02/29/20120229_ica2.jpg,ICA,"Isidora Goyenechea 2939 , Fono. 3699150",,Peruana,$28.500,,,"Beneficio válido sólo en estos restaurantes presentando tu tarjeta Club de Lectores de El Mercurio vigente y cédula de identidad. 25% de descuento pagando con tu tarjeta Club de Lectores American Express®, efectivo, cheque o tarjeta débito. 20% de descuento pagando con otras tarjetas de crédito. Descuento aplicable a un máximo de 8 personas por mesa desde el 2 de septiembre al 6 de octubre de 2012. Beneficio exento para promociones especiales, menús promocionales o happy hours, no incluye pedidos telefónicos, despachos a domicilio ni take out. Descuento no válido para días festivos.",http://www.clubdelectores.cl/gastronomia/gastronomia_restaurant_detalle.aspx?id_restaurant=186
http://www.clubdelectores.cl/fotos/2012/07/05/20120705_casa.jpg,La casa en el Aire,"19 de Abril 3561, local 119, subsuelo-Boulevard, Plaza Ñuñoa.",,Internacional,$15.000,,,"Beneficio válido sólo en estos restaurantes presentando tu tarjeta Club de Lectores de El Mercurio vigente y cédula de identidad. 25% de descuento pagando con tu tarjeta Club de Lectores American Express®, efectivo, cheque o tarjeta débito. 20% de descuento pagando con otras tarjetas de crédito. Descuento aplicable a un máximo de 8 personas por mesa desde el 2 de septiembre al 6 de octubre de 2012. Beneficio exento para promociones especiales, menús promocionales o happy hours, no incluye pedidos telefónicos, despachos a domicilio ni take out. Descuento no válido para días festivos.",http://www.clubdelectores.cl/gastronomia/gastronomia_restaurant_detalle.aspx?id_restaurant=196
http://www.clubdelectores.cl/fotos/2009/04/08/20090408_la-cascade.jpg,La Cascade,"Monseñor Escrivá de Balaguer 6400, L8",De 12:30 a 15:00 y 20:00 a 23:00 hrs.,,$30.000,,,"Beneficio válido sólo en estos restaurantes presentando tu tarjeta Club de Lectores de El Mercurio vigente y cédula de identidad. 25% de descuento pagando con tu tarjeta Club de Lectores American Express®, efectivo, cheque o tarjeta débito. 20% de descuento pagando con otras tarjetas de crédito. Descuento aplicable a un máximo de 8 personas por mesa desde el 2 de septiembre al 6 de octubre de 2012. Beneficio exento para promociones especiales, menús promocionales o happy hours, no incluye pedidos telefónicos, despachos a domicilio ni take out. Descuento no válido para días festivos.",http://www.clubdelectores.cl/gastronomia/gastronomia_restaurant_detalle.aspx?id_restaurant=26
http://www.clubdelectores.cl/fotos/2011/10/28/20111028_1d.jpg,La Copa Feliz,"Echeñique 6315. (2) 226 2400",,Chilena,$26.000,,www.lacopafeliz.cl,"Beneficio válido sólo en estos restaurantes presentando tu tarjeta Club de Lectores de El Mercurio vigente y cédula de identidad. 25% de descuento pagando con tu tarjeta Club de Lectores American Express®, efectivo, cheque o tarjeta débito. 20% de descuento pagando con otras tarjetas de crédito. Descuento aplicable a un máximo de 8 personas por mesa desde el 2 de septiembre al 6 de octubre de 2012. Beneficio exento para promociones especiales, menús promocionales o happy hours, no incluye pedidos telefónicos, despachos a domicilio ni take out. Descuento no válido para días festivos.",http://www.clubdelectores.cl/gastronomia/gastronomia_restaurant_detalle.aspx?id_restaurant=83
http://www.clubdelectores.cl/fotos/2012/07/05/20120705_fatt.jpg,La Fattoria Hotel Regal Pacific,"Av. Apoquindo 5680. (2) 377 6000",,Internacional,$30.000,,,"Beneficio válido sólo en estos restaurantes presentando tu tarjeta Club de Lectores de El Mercurio vigente y cédula de identidad. 25% de descuento pagando con tu tarjeta Club de Lectores American Express®, efectivo, cheque o tarjeta débito. 20% de descuento pagando con otras tarjetas de crédito. Descuento aplicable a un máximo de 8 personas por mesa desde el 2 de septiembre al 6 de octubre de 2012. Beneficio exento para promociones especiales, menús promocionales o happy hours, no incluye pedidos telefónicos, despachos a domicilio ni take out. Descuento no válido para días festivos.",http://www.clubdelectores.cl/gastronomia/gastronomia_restaurant_detalle.aspx?id_restaurant=116
http://www.clubdelectores.cl/fotos/2012/08/01/20120801_greda-logo.jpg,La Greda,"19 de Abril 3561, local 115, 117 B, 119 A",25% descuento.,Chilena,$20.000.-,,,"Beneficio válido sólo en estos restaurantes presentando tu tarjeta Club de Lectores de El Mercurio vigente y cédula de identidad. 25% de descuento pagando con tu tarjeta Club de Lectores American Express®, efectivo, cheque o tarjeta débito. 20% de descuento pagando con otras tarjetas de crédito. Descuento aplicable a un máximo de 8 personas por mesa desde el 2 de septiembre al 6 de octubre de 2012. Beneficio exento para promociones especiales, menús promocionales o happy hours, no incluye pedidos telefónicos, despachos a domicilio ni take out. Descuento no válido para días festivos.",http://www.clubdelectores.cl/gastronomia/gastronomia_restaurant_detalle.aspx?id_restaurant=199
http://www.clubdelectores.cl/fotos/2009/09/02/20090902_leonera.jpg,La Leonera Codegua,"Camino La Leonera s/n, codegua, Rancagua. (72) 625 151","Lunes a Domingo continuado desayuno, almuerzo y cena",Chilena,$ 28.000,,,"Beneficio válido sólo en estos restaurantes presentando tu tarjeta Club de Lectores de El Mercurio vigente y cédula de identidad. 25% de descuento pagando con tu tarjeta Club de Lectores American Express®, efectivo, cheque o tarjeta débito. 20% de descuento pagando con otras tarjetas de crédito. Descuento aplicable a un máximo de 8 personas por mesa desde el 2 de septiembre al 6 de octubre de 2012. Beneficio exento para promociones especiales, menús promocionales o happy hours, no incluye pedidos telefónicos, despachos a domicilio ni take out. Descuento no válido para días festivos.",http://www.clubdelectores.cl/gastronomia/gastronomia_restaurant_detalle.aspx?id_restaurant=102
http://www.clubdelectores.cl/fotos/2012/09/04/20120904_Logo,La Pescadería,"Monseñor Escrivá de Balaguer 6400, local 7, Vitacura",,Chilena,$30.000,,,"Beneficio válido sólo en estos restaurantes presentando tu tarjeta Club de Lectores de El Mercurio vigente y cédula de identidad. 25% de descuento pagando con tu tarjeta Club de Lectores American Express®, efectivo, cheque o tarjeta débito. 20% de descuento pagando con otras tarjetas de crédito. Descuento aplicable a un máximo de 8 personas por mesa desde el 2 de septiembre al 6 de octubre de 2012. Beneficio exento para promociones especiales, menús promocionales o happy hours, no incluye pedidos telefónicos, despachos a domicilio ni take out. Descuento no válido para días festivos.",http://www.clubdelectores.cl/gastronomia/gastronomia_restaurant_detalle.aspx?id_restaurant=205
http://www.clubdelectores.cl/fotos/2011/10/24/20111024_larambla2.jpg,La Rambla,"Tabancura 1344, Vitacura (2) 954 2544",,Sandwichería,$13.500,,,"Beneficio válido sólo en estos restaurantes presentando tu tarjeta Club de Lectores de El Mercurio vigente y cédula de identidad. 25% de descuento pagando con tu tarjeta Club de Lectores American Express®, efectivo, cheque o tarjeta débito. 20% de descuento pagando con otras tarjetas de crédito. Descuento aplicable a un máximo de 8 personas por mesa desde el 2 de septiembre al 6 de octubre de 2012. Beneficio exento para promociones especiales, menús promocionales o happy hours, no incluye pedidos telefónicos, despachos a domicilio ni take out. Descuento no válido para días festivos.",http://www.clubdelectores.cl/gastronomia/gastronomia_restaurant_detalle.aspx?id_restaurant=179
http://www.clubdelectores.cl/fotos/2009/04/08/20090408_la-tabla.jpg,La Tabla,"Av. Monseñor Escrivá de Balaguer 6400, local 5, Vitacura. 218 0114 y 218 0115",,Española,$34.000,,,"Beneficio válido sólo en estos restaurantes presentando tu tarjeta Club de Lectores de El Mercurio vigente y cédula de identidad. 25% de descuento pagando con tu tarjeta Club de Lectores American Express®, efectivo, cheque o tarjeta débito. 20% de descuento pagando con otras tarjetas de crédito. Descuento aplicable a un máximo de 8 personas por mesa desde el 2 de septiembre al 6 de octubre de 2012. Beneficio exento para promociones especiales, menús promocionales o happy hours, no incluye pedidos telefónicos, despachos a domicilio ni take out. Descuento no válido para días festivos.",http://www.clubdelectores.cl/gastronomia/gastronomia_restaurant_detalle.aspx?id_restaurant=79
http://www.clubdelectores.cl/fotos/2009/05/06/20090506_Borderio.jpg,Le Due Torri,"Monseñor Escrivá de Balaguer 6400, local 1, Vitacura",Lunes a domingo almuerzo y cena,,$30.000,,,"Beneficio válido sólo en estos restaurantes presentando tu tarjeta Club de Lectores de El Mercurio vigente y cédula de identidad. 25% de descuento pagando con tu tarjeta Club de Lectores American Express®, efectivo, cheque o tarjeta débito. 20% de descuento pagando con otras tarjetas de crédito. Descuento aplicable a un máximo de 8 personas por mesa desde el 2 de septiembre al 6 de octubre de 2012. Beneficio exento para promociones especiales, menús promocionales o happy hours, no incluye pedidos telefónicos, despachos a domicilio ni take out. Descuento no válido para días festivos.",http://www.clubdelectores.cl/gastronomia/gastronomia_restaurant_detalle.aspx?id_restaurant=7
http://www.clubdelectores.cl/fotos/2011/09/08/20110908_lescomperes.jpg,LES COMPERES,"General Flores 229, Providencia, (2) 716 2424.",,Internacional,$30.000,,,"Beneficio válido sólo en estos restaurantes presentando tu tarjeta Club de Lectores de El Mercurio vigente y cédula de identidad. 25% de descuento pagando con tu tarjeta Club de Lectores American Express®, efectivo, cheque o tarjeta débito. 20% de descuento pagando con otras tarjetas de crédito. Descuento aplicable a un máximo de 8 personas por mesa desde el 2 de septiembre al 6 de octubre de 2012. Beneficio exento para promociones especiales, menús promocionales o happy hours, no incluye pedidos telefónicos, despachos a domicilio ni take out. Descuento no válido para días festivos.",http://www.clubdelectores.cl/gastronomia/gastronomia_restaurant_detalle.aspx?id_restaurant=178
http://www.clubdelectores.cl/fotos/2012/08/01/20120801_LIZARRAN.jpg,Lizarrán,"Av. Andrés Bello 2447, Local 5133. Mall Costanera Center.","25% de descuento pagando con Tarjeta del Club de Lectores de El Mercurio, efectivo, cheque o débito. 20% de descuento pagando con otras tarjetas de crédito",De Autor,$28.000,,http://www.lizarran.es/,"Beneficio válido sólo en estos restaurantes presentando tu tarjeta Club de Lectores de El Mercurio vigente y cédula de identidad. 25% de descuento pagando con tu tarjeta Club de Lectores American Express®, efectivo, cheque o tarjeta débito. 20% de descuento pagando con otras tarjetas de crédito. Descuento aplicable a un máximo de 8 personas por mesa desde el 2 de septiembre al 6 de octubre de 2012. Beneficio exento para promociones especiales, menús promocionales o happy hours, no incluye pedidos telefónicos, despachos a domicilio ni take out. Descuento no válido para días festivos.",http://www.clubdelectores.cl/gastronomia/gastronomia_restaurant_detalle.aspx?id_restaurant=198
http://www.clubdelectores.cl/fotos/2011/10/28/20111028_1e.jpg,Los Insaciables,"Andrés de Fuenzalida 40, Providencia. (2)232 3668, (2)231 7384.",,Italiana,Precio promedio por pareja: $18.000,,,"Beneficio válido sólo en estos restaurantes presentando tu tarjeta Club de Lectores de El Mercurio vigente y cédula de identidad. 25% de descuento pagando con tu tarjeta Club de Lectores American Express®, efectivo, cheque o tarjeta débito. 20% de descuento pagando con otras tarjetas de crédito. Descuento aplicable a un máximo de 8 personas por mesa desde el 2 de septiembre al 6 de octubre de 2012. Beneficio exento para promociones especiales, menús promocionales o happy hours, no incluye pedidos telefónicos, despachos a domicilio ni take out. Descuento no válido para días festivos.",http://www.clubdelectores.cl/gastronomia/gastronomia_restaurant_detalle.aspx?id_restaurant=156
http://www.clubdelectores.cl/fotos/2012/08/30/20120830_MaderA.jpg,Madera y Carbón,"Avenida Las Condes 7789, Las Condes.",,,$24.000,"25% de descuento pagando con Amex, efectivo, cheque y débito. 20% de descuento pagando con otras tarjetas de crédito.",,"Beneficio válido sólo en estos restaurantes presentando tu tarjeta Club de Lectores de El Mercurio vigente y cédula de identidad. 25% de descuento pagando con tu tarjeta Club de Lectores American Express®, efectivo, cheque o tarjeta débito. 20% de descuento pagando con otras tarjetas de crédito. Descuento aplicable a un máximo de 8 personas por mesa desde el 2 de septiembre al 6 de octubre de 2012. Beneficio exento para promociones especiales, menús promocionales o happy hours, no incluye pedidos telefónicos, despachos a domicilio ni take out. Descuento no válido para días festivos.",http://www.clubdelectores.cl/gastronomia/gastronomia_restaurant_detalle.aspx?id_restaurant=203
http://www.clubdelectores.cl/fotos/2012/04/03/20120403_magno.jpg,Magno Club,"Dardignac 0145, (2) 234 0101",,Chilena,$30.000,,,"Beneficio válido sólo en estos restaurantes presentando tu tarjeta Club de Lectores de El Mercurio vigente y cédula de identidad. 25% de descuento pagando con tu tarjeta Club de Lectores American Express®, efectivo, cheque o tarjeta débito. 20% de descuento pagando con otras tarjetas de crédito. Descuento aplicable a un máximo de 8 personas por mesa desde el 2 de septiembre al 6 de octubre de 2012. Beneficio exento para promociones especiales, menús promocionales o happy hours, no incluye pedidos telefónicos, despachos a domicilio ni take out. Descuento no válido para días festivos.",http://www.clubdelectores.cl/gastronomia/gastronomia_restaurant_detalle.aspx?id_restaurant=191
http://www.clubdelectores.cl/fotos/2009/09/02/20090902_maiko.jpg,Maiko Sushi Colina,"Paseo Colina sur 14.500, local 130. Laguna piedra roja. (2) 946 4888",Lunes a Domingo almuerzo y cena,Japonesa,$16.000,,,"Beneficio válido sólo en estos restaurantes presentando tu tarjeta Club de Lectores de El Mercurio vigente y cédula de identidad. 25% de descuento pagando con tu tarjeta Club de Lectores American Express®, efectivo, cheque o tarjeta débito. 20% de descuento pagando con otras tarjetas de crédito. Descuento aplicable a un máximo de 8 personas por mesa desde el 2 de septiembre al 6 de octubre de 2012. Beneficio exento para promociones especiales, menús promocionales o happy hours, no incluye pedidos telefónicos, despachos a domicilio ni take out. Descuento no válido para días festivos.",http://www.clubdelectores.cl/gastronomia/gastronomia_restaurant_detalle.aspx?id_restaurant=97
http://www.clubdelectores.cl/fotos/2009/09/02/20090902_maiko.jpg,Maiko Sushi Huechuraba,"Av. Pedro fontova 6251, locales 11-34-35. (2) 721 2300",Lunes a Domingo almuerzo y cena,Japonesa,$16.000,,,"Beneficio válido sólo en estos restaurantes presentando tu tarjeta Club de Lectores de El Mercurio vigente y cédula de identidad. 25% de descuento pagando con tu tarjeta Club de Lectores American Express®, efectivo, cheque o tarjeta débito. 20% de descuento pagando con otras tarjetas de crédito. Descuento aplicable a un máximo de 8 personas por mesa desde el 2 de septiembre al 6 de octubre de 2012. Beneficio exento para promociones especiales, menús promocionales o happy hours, no incluye pedidos telefónicos, despachos a domicilio ni take out. Descuento no válido para días festivos.",http://www.clubdelectores.cl/gastronomia/gastronomia_restaurant_detalle.aspx?id_restaurant=96
http://www.clubdelectores.cl/fotos/2010/07/26/20100726_maiko.jpg,Maiko Sushi Providencia,"Barros Borgoño 88, Providencia. (2)2642284.",Lunes a Domingo almuerzo y cena,Japonesa,$16.000,,,"Beneficio válido sólo en estos restaurantes presentando tu tarjeta Club de Lectores de El Mercurio vigente y cédula de identidad. 25% de descuento pagando con tu tarjeta Club de Lectores American Express®, efectivo, cheque o tarjeta débito. 20% de descuento pagando con otras tarjetas de crédito. Descuento aplicable a un máximo de 8 personas por mesa desde el 2 de septiembre al 6 de octubre de 2012. Beneficio exento para promociones especiales, menús promocionales o happy hours, no incluye pedidos telefónicos, despachos a domicilio ni take out. Descuento no válido para días festivos.",http://www.clubdelectores.cl/gastronomia/gastronomia_restaurant_detalle.aspx?id_restaurant=130
http://www.clubdelectores.cl/fotos/2012/08/01/20120801_majestic.jpg,Majestic,Santo Domingo 1526,Descuento standard para socios Club de lectores,India,$ 30.000 por pareja,,http://www.majestic.cl/,"Beneficio válido sólo en estos restaurantes presentando tu tarjeta Club de Lectores de El Mercurio vigente y cédula de identidad. 25% de descuento pagando con tu tarjeta Club de Lectores American Express®, efectivo, cheque o tarjeta débito. 20% de descuento pagando con otras tarjetas de crédito. Descuento aplicable a un máximo de 8 personas por mesa desde el 2 de septiembre al 6 de octubre de 2012. Beneficio exento para promociones especiales, menús promocionales o happy hours, no incluye pedidos telefónicos, despachos a domicilio ni take out. Descuento no válido para días festivos.",http://www.clubdelectores.cl/gastronomia/gastronomia_restaurant_detalle.aspx?id_restaurant=200
http://www.clubdelectores.cl/fotos/2011/03/15/20110315_marcini.jpg,Mar Cini Pasta e Mare,"Paseo El Mañío 1632. (2) 953 6044",,Italiana,$29.000,,,"Beneficio válido sólo en estos restaurantes presentando tu tarjeta Club de Lectores de El Mercurio vigente y cédula de identidad. 25% de descuento pagando con tu tarjeta Club de Lectores American Express®, efectivo, cheque o tarjeta débito. 20% de descuento pagando con otras tarjetas de crédito. Descuento aplicable a un máximo de 8 personas por mesa desde el 2 de septiembre al 6 de octubre de 2012. Beneficio exento para promociones especiales, menús promocionales o happy hours, no incluye pedidos telefónicos, despachos a domicilio ni take out. Descuento no válido para días festivos.",http://www.clubdelectores.cl/gastronomia/gastronomia_restaurant_detalle.aspx?id_restaurant=118
http://www.clubdelectores.cl/fotos/2009/04/04/20090404_matsuri.jpg,Matsuri,"Av. Kennedy 4601. (2) 950 3051",Almuerzo 12:30 -16:00 / Cena 19:00-00:00,Japonesa,$40.000,,,"Beneficio válido sólo en estos restaurantes presentando tu tarjeta Club de Lectores de El Mercurio vigente y cédula de identidad. 25% de descuento pagando con tu tarjeta Club de Lectores American Express®, efectivo, cheque o tarjeta débito. 20% de descuento pagando con otras tarjetas de crédito. Descuento aplicable a un máximo de 8 personas por mesa desde el 2 de septiembre al 6 de octubre de 2012. Beneficio exento para promociones especiales, menús promocionales o happy hours, no incluye pedidos telefónicos, despachos a domicilio ni take out. Descuento no válido para días festivos.",http://www.clubdelectores.cl/gastronomia/gastronomia_restaurant_detalle.aspx?id_restaurant=16
http://www.clubdelectores.cl/fotos/2011/10/28/20111028_1g.jpg,Merendano,"El Mañio 1620. (2) 724 0430",Lunes a sábado horario continuado . Domingo sólo almuerzo,Internacional,$20.000,,,"Beneficio válido sólo en estos restaurantes presentando tu tarjeta Club de Lectores de El Mercurio vigente y cédula de identidad. 25% de descuento pagando con tu tarjeta Club de Lectores American Express®, efectivo, cheque o tarjeta débito. 20% de descuento pagando con otras tarjetas de crédito. Descuento aplicable a un máximo de 8 personas por mesa desde el 2 de septiembre al 6 de octubre de 2012. Beneficio exento para promociones especiales, menús promocionales o happy hours, no incluye pedidos telefónicos, despachos a domicilio ni take out. Descuento no válido para días festivos.",http://www.clubdelectores.cl/gastronomia/gastronomia_restaurant_detalle.aspx?id_restaurant=30
http://www.clubdelectores.cl/fotos/2012/05/08/20120508_mesonaustral.jpg,Mesón Austral,"Constitución 270, Barrio Bellavista. Fono: (2) 777 2540",,Internacional,$25.000,,,"Beneficio válido sólo en estos restaurantes presentando tu tarjeta Club de Lectores de El Mercurio vigente y cédula de identidad. 25% de descuento pagando con tu tarjeta Club de Lectores American Express®, efectivo, cheque o tarjeta débito. 20% de descuento pagando con otras tarjetas de crédito. Descuento aplicable a un máximo de 8 personas por mesa desde el 2 de septiembre al 6 de octubre de 2012. Beneficio exento para promociones especiales, menús promocionales o happy hours, no incluye pedidos telefónicos, despachos a domicilio ni take out. Descuento no válido para días festivos.",http://www.clubdelectores.cl/gastronomia/gastronomia_restaurant_detalle.aspx?id_restaurant=193
http://www.clubdelectores.cl/fotos/2012/07/05/20120705_milcao.jpg,Milcao,"Vitacura 7580, Vitacura, (2) 880 45 60.",,Pescados y Mariscos,$20.000,,,"Beneficio válido sólo en estos restaurantes presentando tu tarjeta Club de Lectores de El Mercurio vigente y cédula de identidad. 25% de descuento pagando con tu tarjeta Club de Lectores American Express®, efectivo, cheque o tarjeta débito. 20% de descuento pagando con otras tarjetas de crédito. Descuento aplicable a un máximo de 8 personas por mesa desde el 2 de septiembre al 6 de octubre de 2012. Beneficio exento para promociones especiales, menús promocionales o happy hours, no incluye pedidos telefónicos, despachos a domicilio ni take out. Descuento no válido para días festivos.",http://www.clubdelectores.cl/gastronomia/gastronomia_restaurant_detalle.aspx?id_restaurant=197
http://www.clubdelectores.cl/fotos/2010/09/03/20100903_misaki.jpg,Misaki,"Av. Vitacura 5461. (2) 219 0370",,Japonesa,$25.000,,,"Beneficio válido sólo en estos restaurantes presentando tu tarjeta Club de Lectores de El Mercurio vigente y cédula de identidad. 25% de descuento pagando con tu tarjeta Club de Lectores American Express®, efectivo, cheque o tarjeta débito. 20% de descuento pagando con otras tarjetas de crédito. Descuento aplicable a un máximo de 8 personas por mesa desde el 2 de septiembre al 6 de octubre de 2012. Beneficio exento para promociones especiales, menús promocionales o happy hours, no incluye pedidos telefónicos, despachos a domicilio ni take out. Descuento no válido para días festivos.",http://www.clubdelectores.cl/gastronomia/gastronomia_restaurant_detalle.aspx?id_restaurant=148
http://www.clubdelectores.cl/fotos/2011/09/07/20110907_mizu.jpg,Mizu,,,Japonesa,$14.000,"Búscanos en: La Dehesa 457, L. 6, Lo Barnechea. (2) 245 9111. Av. Consistorial 3349, L. 10, Peñalolén. (2) 278 6070. Américo Vespucio Norte 14, Las Condes. (2) 934 0908. Pedro Fontova 7777, L. 3 y 4, Huechuraba (2) 948 9160 Pedro de Valdivia, L.1, Ñuñoa. (2) 209 4552.",,"Beneficio válido sólo en estos restaurantes presentando tu tarjeta Club de Lectores de El Mercurio vigente y cédula de identidad. 25% de descuento pagando con tu tarjeta Club de Lectores American Express®, efectivo, cheque o tarjeta débito. 20% de descuento pagando con otras tarjetas de crédito. Descuento aplicable a un máximo de 8 personas por mesa desde el 2 de septiembre al 6 de octubre de 2012. Beneficio exento para promociones especiales, menús promocionales o happy hours, no incluye pedidos telefónicos, despachos a domicilio ni take out. Descuento no válido para días festivos.",http://www.clubdelectores.cl/gastronomia/gastronomia_restaurant_detalle.aspx?id_restaurant=175
http://www.clubdelectores.cl/fotos/2011/10/28/20111028_1m.jpg,MOONTHAI,"Avenida Santa María 6750 Local 15, Vitacura. (2)2421321, (2)2422101. Avenida El Rodeo 13442, local 5, Lo Barnechea. (2)7697200, (2)7697687",,Japonesa,$20.000,"25% de descuento en el total de la cuenta, pagando con tu tarjeta Club de Lectores American Express, cheque, efectivo y tarjeta de débito. 20% de descuento con otros medios de pago.",,"Beneficio válido sólo en estos restaurantes presentando tu tarjeta Club de Lectores de El Mercurio vigente y cédula de identidad. 25% de descuento pagando con tu tarjeta Club de Lectores American Express®, efectivo, cheque o tarjeta débito. 20% de descuento pagando con otras tarjetas de crédito. Descuento aplicable a un máximo de 8 personas por mesa desde el 2 de septiembre al 6 de octubre de 2012. Beneficio exento para promociones especiales, menús promocionales o happy hours, no incluye pedidos telefónicos, despachos a domicilio ni take out. Descuento no válido para días festivos.",http://www.clubdelectores.cl/gastronomia/gastronomia_restaurant_detalle.aspx?id_restaurant=166
http://www.clubdelectores.cl/fotos/2011/04/05/20110405_museo.jpg,Museo Peruano,Vitacura 7132- Local 2- Vitacura - (2) 2180047,,Peruana,$25.000,,,"Beneficio válido sólo en estos restaurantes presentando tu tarjeta Club de Lectores de El Mercurio vigente y cédula de identidad. 25% de descuento pagando con tu tarjeta Club de Lectores American Express®, efectivo, cheque o tarjeta débito. 20% de descuento pagando con otras tarjetas de crédito. Descuento aplicable a un máximo de 8 personas por mesa desde el 2 de septiembre al 6 de octubre de 2012. Beneficio exento para promociones especiales, menús promocionales o happy hours, no incluye pedidos telefónicos, despachos a domicilio ni take out. Descuento no válido para días festivos.",http://www.clubdelectores.cl/gastronomia/gastronomia_restaurant_detalle.aspx?id_restaurant=161
http://www.clubdelectores.cl/fotos/2012/04/13/20120413_oasis.jpg,"Oasis de Kunza, San Pedro de Atacama","Kunza Hotel & Spa, Ayllú de Yaye s/n, Camino a Sequitor, San Pedro de Atacama, (55) 852 136.",,Internacional,$30.000,,,"Beneficio válido sólo en estos restaurantes presentando tu tarjeta Club de Lectores de El Mercurio vigente y cédula de identidad. 25% de descuento pagando con tu tarjeta Club de Lectores American Express®, efectivo, cheque o tarjeta débito. 20% de descuento pagando con otras tarjetas de crédito. Descuento aplicable a un máximo de 8 personas por mesa desde el 2 de septiembre al 6 de octubre de 2012. Beneficio exento para promociones especiales, menús promocionales o happy hours, no incluye pedidos telefónicos, despachos a domicilio ni take out. Descuento no válido para días festivos.",http://www.clubdelectores.cl/gastronomia/gastronomia_restaurant_detalle.aspx?id_restaurant=176
http://www.clubdelectores.cl/fotos/2012/05/10/20120510_occ.jpg,Occulto,Vitacura 5480 / Club EVE 7 / www.clubeve.cl,,Internacional,$30.000 / Incluye entrada,,,"Beneficio válido sólo en estos restaurantes presentando tu tarjeta Club de Lectores de El Mercurio vigente y cédula de identidad. 25% de descuento pagando con tu tarjeta Club de Lectores American Express®, efectivo, cheque o tarjeta débito. 20% de descuento pagando con otras tarjetas de crédito. Descuento aplicable a un máximo de 8 personas por mesa desde el 2 de septiembre al 6 de octubre de 2012. Beneficio exento para promociones especiales, menús promocionales o happy hours, no incluye pedidos telefónicos, despachos a domicilio ni take out. Descuento no válido para días festivos.",http://www.clubdelectores.cl/gastronomia/gastronomia_restaurant_detalle.aspx?id_restaurant=194
http://www.clubdelectores.cl/fotos/2011/10/28/20111028_1o.jpg,Oliva Limón,"Av. Kennedy 9001, local 3240. Mirador del Alto. 213 1384",,Mediterráneo,$20.000,,,"Beneficio válido sólo en estos restaurantes presentando tu tarjeta Club de Lectores de El Mercurio vigente y cédula de identidad. 25% de descuento pagando con tu tarjeta Club de Lectores American Express®, efectivo, cheque o tarjeta débito. 20% de descuento pagando con otras tarjetas de crédito. Descuento aplicable a un máximo de 8 personas por mesa desde el 2 de septiembre al 6 de octubre de 2012. Beneficio exento para promociones especiales, menús promocionales o happy hours, no incluye pedidos telefónicos, despachos a domicilio ni take out. Descuento no válido para días festivos.",http://www.clubdelectores.cl/gastronomia/gastronomia_restaurant_detalle.aspx?id_restaurant=162
http://www.clubdelectores.cl/fotos/2010/09/03/20100903_pachamama.jpg,Pachamama,"Antonio Varas 2207, Ñuñoa. (2)8850035, (2)8850030",,Peruana,$25.000,,,"Beneficio válido sólo en estos restaurantes presentando tu tarjeta Club de Lectores de El Mercurio vigente y cédula de identidad. 25% de descuento pagando con tu tarjeta Club de Lectores American Express®, efectivo, cheque o tarjeta débito. 20% de descuento pagando con otras tarjetas de crédito. Descuento aplicable a un máximo de 8 personas por mesa desde el 2 de septiembre al 6 de octubre de 2012. Beneficio exento para promociones especiales, menús promocionales o happy hours, no incluye pedidos telefónicos, despachos a domicilio ni take out. Descuento no válido para días festivos.",http://www.clubdelectores.cl/gastronomia/gastronomia_restaurant_detalle.aspx?id_restaurant=147
http://www.clubdelectores.cl/fotos/2009/04/04/20090404_park-lane.jpg,Park Lane,"Av. Ricardo Lyon 207. (2) 372 4034 y (2) 372 4035",Lunes a domingo horario continuado,Chilena,$25.000,,www.parkplaza.cl/spanish/restaurant.htm,"Beneficio válido sólo en estos restaurantes presentando tu tarjeta Club de Lectores de El Mercurio vigente y cédula de identidad. 25% de descuento pagando con tu tarjeta Club de Lectores American Express®, efectivo, cheque o tarjeta débito. 20% de descuento pagando con otras tarjetas de crédito. Descuento aplicable a un máximo de 8 personas por mesa desde el 2 de septiembre al 6 de octubre de 2012. Beneficio exento para promociones especiales, menús promocionales o happy hours, no incluye pedidos telefónicos, despachos a domicilio ni take out. Descuento no válido para días festivos.",http://www.clubdelectores.cl/gastronomia/gastronomia_restaurant_detalle.aspx?id_restaurant=49
"""""",Prego San Damián,"Av. Las Condes 11415. (2) 215 7943",,Italiana,$25.000,,,"Beneficio válido sólo en estos restaurantes presentando tu tarjeta Club de Lectores de El Mercurio vigente y cédula de identidad. 25% de descuento pagando con tu tarjeta Club de Lectores American Express®, efectivo, cheque o tarjeta débito. 20% de descuento pagando con otras tarjetas de crédito. Descuento aplicable a un máximo de 8 personas por mesa desde el 2 de septiembre al 6 de octubre de 2012. Beneficio exento para promociones especiales, menús promocionales o happy hours, no incluye pedidos telefónicos, despachos a domicilio ni take out. Descuento no válido para días festivos.",http://www.clubdelectores.cl/gastronomia/gastronomia_restaurant_detalle.aspx?id_restaurant=85
http://www.clubdelectores.cl/fotos/2012/04/13/20120413_prego.JPG,Prego San Pascual,San Pascual 72. Teléfono: (2) 2087550,,Italiana,$25.000,,www.pregotratoria.cl,"Beneficio válido sólo en estos restaurantes presentando tu tarjeta Club de Lectores de El Mercurio vigente y cédula de identidad. 25% de descuento pagando con tu tarjeta Club de Lectores American Express®, efectivo, cheque o tarjeta débito. 20% de descuento pagando con otras tarjetas de crédito. Descuento aplicable a un máximo de 8 personas por mesa desde el 2 de septiembre al 6 de octubre de 2012. Beneficio exento para promociones especiales, menús promocionales o happy hours, no incluye pedidos telefónicos, despachos a domicilio ni take out. Descuento no válido para días festivos.",http://www.clubdelectores.cl/gastronomia/gastronomia_restaurant_detalle.aspx?id_restaurant=64
http://www.clubdelectores.cl/fotos/2012/04/13/20120413_puerto.JPG,PUERTO PIZARRO,Manuel Montt 2187 (2) 225 6128,,Peruana,$30.000.,,,"Beneficio válido sólo en estos restaurantes presentando tu tarjeta Club de Lectores de El Mercurio vigente y cédula de identidad. 25% de descuento pagando con tu tarjeta Club de Lectores American Express®, efectivo, cheque o tarjeta débito. 20% de descuento pagando con otras tarjetas de crédito. Descuento aplicable a un máximo de 8 personas por mesa desde el 2 de septiembre al 6 de octubre de 2012. Beneficio exento para promociones especiales, menús promocionales o happy hours, no incluye pedidos telefónicos, despachos a domicilio ni take out. Descuento no válido para días festivos.",http://www.clubdelectores.cl/gastronomia/gastronomia_restaurant_detalle.aspx?id_restaurant=189
http://www.clubdelectores.cl/fotos/2009/04/08/20090408_raul-correa-y-fam.jpg,Raúl Correa & Familia,"Av. Las Condes 10480. (2) 243 4747",,Chilena,$32.000,,,"Beneficio válido sólo en estos restaurantes presentando tu tarjeta Club de Lectores de El Mercurio vigente y cédula de identidad. 25% de descuento pagando con tu tarjeta Club de Lectores American Express®, efectivo, cheque o tarjeta débito. 20% de descuento pagando con otras tarjetas de crédito. Descuento aplicable a un máximo de 8 personas por mesa desde el 2 de septiembre al 6 de octubre de 2012. Beneficio exento para promociones especiales, menús promocionales o happy hours, no incluye pedidos telefónicos, despachos a domicilio ni take out. Descuento no válido para días festivos.",http://www.clubdelectores.cl/gastronomia/gastronomia_restaurant_detalle.aspx?id_restaurant=13
http://www.clubdelectores.cl/fotos/2010/09/03/20100903_Logo_Panoramico-BestWestern_Finisterrae.jpg,"Restaurant Panorámico, Hotel Finis Terrae","Av. Colón 766, Punta Arenas. (61) 209 100",,Internacional,$20.000,,,"Beneficio válido sólo en estos restaurantes presentando tu tarjeta Club de Lectores de El Mercurio vigente y cédula de identidad. 25% de descuento pagando con tu tarjeta Club de Lectores American Express®, efectivo, cheque o tarjeta débito. 20% de descuento pagando con otras tarjetas de crédito. Descuento aplicable a un máximo de 8 personas por mesa desde el 2 de septiembre al 6 de octubre de 2012. Beneficio exento para promociones especiales, menús promocionales o happy hours, no incluye pedidos telefónicos, despachos a domicilio ni take out. Descuento no válido para días festivos.",http://www.clubdelectores.cl/gastronomia/gastronomia_restaurant_detalle.aspx?id_restaurant=131
http://www.clubdelectores.cl/fotos/2012/05/08/20120508_sakura.jpg,Sakura,"Coronel Pereira 84, Las Condes 242 0700",,Japonesa,$12.000,,,"Beneficio válido sólo en estos restaurantes presentando tu tarjeta Club de Lectores de El Mercurio vigente y cédula de identidad. 25% de descuento pagando con tu tarjeta Club de Lectores American Express®, efectivo, cheque o tarjeta débito. 20% de descuento pagando con otras tarjetas de crédito. Descuento aplicable a un máximo de 8 personas por mesa desde el 2 de septiembre al 6 de octubre de 2012. Beneficio exento para promociones especiales, menús promocionales o happy hours, no incluye pedidos telefónicos, despachos a domicilio ni take out. Descuento no válido para días festivos.",http://www.clubdelectores.cl/gastronomia/gastronomia_restaurant_detalle.aspx?id_restaurant=94
http://www.clubdelectores.cl/fotos/2011/05/06/20110506_santa.jpg,Santa Pizza,"Boulevard del Parque, Av. Kennedy 5413, local 390, Las Condes, (293610540. Mall Sport, Av. Las Condes 13451, local 101, (2)3610470",,Italiana,$20.000,"Este jueves tendremos una cita muy especial en Santapizza Parque Arauco con uno de los músicos más destacados y con larga trayectoria en el jazz latinoamericano, Enrique Luna, músico peruano se estará presentando con su cuarteto Just Do It a partir de las 21.30 hrs. Entrada liberada.",www.santapizza.cl,"Beneficio válido sólo en estos restaurantes presentando tu tarjeta Club de Lectores de El Mercurio vigente y cédula de identidad. 25% de descuento pagando con tu tarjeta Club de Lectores American Express®, efectivo, cheque o tarjeta débito. 20% de descuento pagando con otras tarjetas de crédito. Descuento aplicable a un máximo de 8 personas por mesa desde el 2 de septiembre al 6 de octubre de 2012. Beneficio exento para promociones especiales, menús promocionales o happy hours, no incluye pedidos telefónicos, despachos a domicilio ni take out. Descuento no válido para días festivos.",http://www.clubdelectores.cl/gastronomia/gastronomia_restaurant_detalle.aspx?id_restaurant=165
http://www.clubdelectores.cl/fotos/2012/08/30/20120830_SantaBrasa.jpg,Santabrasa Burger Lounge,"Av. Kennedy 9001, local 3232, Las Condes.",,,$15.000,Teléfono: 954 3165,,"Beneficio válido sólo en estos restaurantes presentando tu tarjeta Club de Lectores de El Mercurio vigente y cédula de identidad. 25% de descuento pagando con tu tarjeta Club de Lectores American Express®, efectivo, cheque o tarjeta débito. 20% de descuento pagando con otras tarjetas de crédito. Descuento aplicable a un máximo de 8 personas por mesa desde el 2 de septiembre al 6 de octubre de 2012. Beneficio exento para promociones especiales, menús promocionales o happy hours, no incluye pedidos telefónicos, despachos a domicilio ni take out. Descuento no válido para días festivos.",http://www.clubdelectores.cl/gastronomia/gastronomia_restaurant_detalle.aspx?id_restaurant=201
http://www.clubdelectores.cl/fotos/2009/04/13/20090413_il-siciliano.jpg,Siciliano,"Dardignac 0102, Bellavista. (2) 737 2265","Lunes a domingo, almuerzo y cena",Italiana,$24.000,,,"Beneficio válido sólo en estos restaurantes presentando tu tarjeta Club de Lectores de El Mercurio vigente y cédula de identidad. 25% de descuento pagando con tu tarjeta Club de Lectores American Express®, efectivo, cheque o tarjeta débito. 20% de descuento pagando con otras tarjetas de crédito. Descuento aplicable a un máximo de 8 personas por mesa desde el 2 de septiembre al 6 de octubre de 2012. Beneficio exento para promociones especiales, menús promocionales o happy hours, no incluye pedidos telefónicos, despachos a domicilio ni take out. Descuento no válido para días festivos.",http://www.clubdelectores.cl/gastronomia/gastronomia_restaurant_detalle.aspx?id_restaurant=56
http://www.clubdelectores.cl/fotos/2010/09/03/20100903_solace.jpg,Solace,"Imperial 0211, Hotel Solace. (65) 634 100",,Internacional,$20.000,,,"Beneficio válido sólo en estos restaurantes presentando tu tarjeta Club de Lectores de El Mercurio vigente y cédula de identidad. 25% de descuento pagando con tu tarjeta Club de Lectores American Express®, efectivo, cheque o tarjeta débito. 20% de descuento pagando con otras tarjetas de crédito. Descuento aplicable a un máximo de 8 personas por mesa desde el 2 de septiembre al 6 de octubre de 2012. Beneficio exento para promociones especiales, menús promocionales o happy hours, no incluye pedidos telefónicos, despachos a domicilio ni take out. Descuento no válido para días festivos.",http://www.clubdelectores.cl/gastronomia/gastronomia_restaurant_detalle.aspx?id_restaurant=132
http://www.clubdelectores.cl/fotos/2011/01/25/20110125_logo.jpg,Soul of India,"Av. Vitacura 4111. (2) 228 2825",Lunes a jueves / almuerzo ( 12:00 -15:30) / Cena (19:30 - 23:00) / viernes y sábado almuerzo (12:00-15:300 )/ Cena (19:30-12:00),India,$30.000,,www.soulofindia.cl,"Beneficio válido sólo en estos restaurantes presentando tu tarjeta Club de Lectores de El Mercurio vigente y cédula de identidad. 25% de descuento pagando con tu tarjeta Club de Lectores American Express®, efectivo, cheque o tarjeta débito. 20% de descuento pagando con otras tarjetas de crédito. Descuento aplicable a un máximo de 8 personas por mesa desde el 2 de septiembre al 6 de octubre de 2012. Beneficio exento para promociones especiales, menús promocionales o happy hours, no incluye pedidos telefónicos, despachos a domicilio ni take out. Descuento no válido para días festivos.",http://www.clubdelectores.cl/gastronomia/gastronomia_restaurant_detalle.aspx?id_restaurant=33
http://www.clubdelectores.cl/fotos/2009/04/13/20090413_squella.jpg,Squella,"Ricardo Cumming 94, Santiago Centro. (2) 699 3059 y (2) 696 4259","Lunes a sábado, almuerzo y cena/domingo sólo almuerzo",Pescados y Mariscos,"$28.000 Valor de la langosta desde $14.500, exclusivo para socios",,www.squellarestaurant.cl,"Beneficio válido sólo en estos restaurantes presentando tu tarjeta Club de Lectores de El Mercurio vigente y cédula de identidad. 25% de descuento pagando con tu tarjeta Club de Lectores American Express®, efectivo, cheque o tarjeta débito. 20% de descuento pagando con otras tarjetas de crédito. Descuento aplicable a un máximo de 8 personas por mesa desde el 2 de septiembre al 6 de octubre de 2012. Beneficio exento para promociones especiales, menús promocionales o happy hours, no incluye pedidos telefónicos, despachos a domicilio ni take out. Descuento no válido para días festivos.",http://www.clubdelectores.cl/gastronomia/gastronomia_restaurant_detalle.aspx?id_restaurant=65
http://www.clubdelectores.cl/fotos/2012/04/13/20120413_strada.jpg,STRADA,Av. Américo Vespucio #399 local 533 A Fono: (2)3671192,,Italiana,$17.500,,,"Beneficio válido sólo en estos restaurantes presentando tu tarjeta Club de Lectores de El Mercurio vigente y cédula de identidad. 25% de descuento pagando con tu tarjeta Club de Lectores American Express®, efectivo, cheque o tarjeta débito. 20% de descuento pagando con otras tarjetas de crédito. Descuento aplicable a un máximo de 8 personas por mesa desde el 2 de septiembre al 6 de octubre de 2012. Beneficio exento para promociones especiales, menús promocionales o happy hours, no incluye pedidos telefónicos, despachos a domicilio ni take out. Descuento no válido para días festivos.",http://www.clubdelectores.cl/gastronomia/gastronomia_restaurant_detalle.aspx?id_restaurant=89
http://www.clubdelectores.cl/fotos/2012/04/13/20120413_strada.jpg,Strada,"14 Norte 880, Boulevard Marina Arauco, tercer nivel, Viña del Mar",,Italiana,30.000,,,"Beneficio válido sólo en estos restaurantes presentando tu tarjeta Club de Lectores de El Mercurio vigente y cédula de identidad. 25% de descuento pagando con tu tarjeta Club de Lectores American Express®, efectivo, cheque o tarjeta débito. 20% de descuento pagando con otras tarjetas de crédito. Descuento aplicable a un máximo de 8 personas por mesa desde el 2 de septiembre al 6 de octubre de 2012. Beneficio exento para promociones especiales, menús promocionales o happy hours, no incluye pedidos telefónicos, despachos a domicilio ni take out. Descuento no válido para días festivos.",http://www.clubdelectores.cl/gastronomia/gastronomia_restaurant_detalle.aspx?id_restaurant=192
http://www.clubdelectores.cl/fotos/2011/10/28/20111028_t1.jpg,Toromiro,"Av. Nueva Costanera 4076, Vitacura, (2)986 4803.",,Internacional,$36.000,,,"Beneficio válido sólo en estos restaurantes presentando tu tarjeta Club de Lectores de El Mercurio vigente y cédula de identidad. 25% de descuento pagando con tu tarjeta Club de Lectores American Express®, efectivo, cheque o tarjeta débito. 20% de descuento pagando con otras tarjetas de crédito. Descuento aplicable a un máximo de 8 personas por mesa desde el 2 de septiembre al 6 de octubre de 2012. Beneficio exento para promociones especiales, menús promocionales o happy hours, no incluye pedidos telefónicos, despachos a domicilio ni take out. Descuento no válido para días festivos.",http://www.clubdelectores.cl/gastronomia/gastronomia_restaurant_detalle.aspx?id_restaurant=158
http://www.clubdelectores.cl/fotos/2009/04/09/20090409_tres-continentes.jpg,Tres Continentes,"Francisco Bilbao 1042. (2) 209 4156","De lunes a jueves almuerzo 13:00 - 16:00 y cena 20:00 - 24.00 viernes y Sábado de 13:00- 16:00 y de 20:00- 01:00, domingo solo (almuerzo) de 01:00 - 17:00 horas.",Internacional,$25.000,,www.lostrescontinentes.cl,"Beneficio válido sólo en estos restaurantes presentando tu tarjeta Club de Lectores de El Mercurio vigente y cédula de identidad. 25% de descuento pagando con tu tarjeta Club de Lectores American Express®, efectivo, cheque o tarjeta débito. 20% de descuento pagando con otras tarjetas de crédito. Descuento aplicable a un máximo de 8 personas por mesa desde el 2 de septiembre al 6 de octubre de 2012. Beneficio exento para promociones especiales, menús promocionales o happy hours, no incluye pedidos telefónicos, despachos a domicilio ni take out. Descuento no válido para días festivos.",http://www.clubdelectores.cl/gastronomia/gastronomia_restaurant_detalle.aspx?id_restaurant=53
http://www.clubdelectores.cl/fotos/2009/04/04/20090404_tuta-pasta.jpg,Tutta Pasta,"Av. Las Condes 9681. (2) 453 5550 y (2) 453 5560","Lunes a sábado, almuerzo y cena/domingo sólo almuerzo",Italiana,"$18.000 Consulte por promociones especiales. Además, para llevar ofrece distintas promociones en pastas frescas venta al detalle y mayorista. (Ravioles, fettuccini ,gnocchi, pansotti, tortelloni etc.)","Este destacado restaurante Italiano, conserva la tradición y celebra como días especiales, los 29 de cada mes, celebramos a la hora de almuerzo y cena ""El día del gnocchi"". Adicionalmente, todos los jueves a la hora de almuerzo y cena el ""día de la lasagna"".",,"Beneficio válido sólo en estos restaurantes presentando tu tarjeta Club de Lectores de El Mercurio vigente y cédula de identidad. 25% de descuento pagando con tu tarjeta Club de Lectores American Express®, efectivo, cheque o tarjeta débito. 20% de descuento pagando con otras tarjetas de crédito. Descuento aplicable a un máximo de 8 personas por mesa desde el 2 de septiembre al 6 de octubre de 2012. Beneficio exento para promociones especiales, menús promocionales o happy hours, no incluye pedidos telefónicos, despachos a domicilio ni take out. Descuento no válido para días festivos.",http://www.clubdelectores.cl/gastronomia/gastronomia_restaurant_detalle.aspx?id_restaurant=14
http://www.clubdelectores.cl/fotos/2011/03/16/20110316_zafran.jpg,Zafran,Av. Comandante Malbec 12851 (2)937 4202.,"Desayuno 6:30 a 10:30 hrs. Almuerzo 12:30 a 15:30 hrs. Cena 19:00 a 23:00 hrs.",Mediterráneo,$36.500,,,"Beneficio válido sólo en estos restaurantes presentando tu tarjeta Club de Lectores de El Mercurio vigente y cédula de identidad. 25% de descuento pagando con tu tarjeta Club de Lectores American Express®, efectivo, cheque o tarjeta débito. 20% de descuento pagando con otras tarjetas de crédito. Descuento aplicable a un máximo de 8 personas por mesa desde el 2 de septiembre al 6 de octubre de 2012. Beneficio exento para promociones especiales, menús promocionales o happy hours, no incluye pedidos telefónicos, despachos a domicilio ni take out. Descuento no válido para días festivos.",http://www.clubdelectores.cl/gastronomia/gastronomia_restaurant_detalle.aspx?id_restaurant=159
http://www.clubdelectores.cl/fotos/2012/09/05/20120905_1.jpg,Zanzíbar,"Monseñor Escrivá de Balaguer 6400, local 6, Vitacura",,Chilena,$40.000,,,"Beneficio válido sólo en estos restaurantes presentando tu tarjeta Club de Lectores de El Mercurio vigente y cédula de identidad. 25% de descuento pagando con tu tarjeta Club de Lectores American Express®, efectivo, cheque o tarjeta débito. 20% de descuento pagando con otras tarjetas de crédito. Descuento aplicable a un máximo de 8 personas por mesa desde el 2 de septiembre al 6 de octubre de 2012. Beneficio exento para promociones especiales, menús promocionales o happy hours, no incluye pedidos telefónicos, despachos a domicilio ni take out. Descuento no válido para días festivos.",http://www.clubdelectores.cl/gastronomia/gastronomia_restaurant_detalle.aspx?id_restaurant=204

